iso_code,continent,location,date,total_cases,new_cases,new_cases_smoothed,total_deaths,new_deaths,new_deaths_smoothed,total_cases_per_million,new_cases_per_million,new_cases_smoothed_per_million,total_deaths_per_million,new_deaths_per_million,new_deaths_smoothed_per_million,reproduction_rate,icu_patients,icu_patients_per_million,hosp_patients,hosp_patients_per_million,weekly_icu_admissions,weekly_icu_admissions_per_million,weekly_hosp_admissions,weekly_hosp_admissions_per_million,new_tests,total_tests,total_tests_per_thousand,new_tests_per_thousand,new_tests_smoothed,new_tests_smoothed_per_thousand,positive_rate,tests_per_case,tests_units,total_vaccinations,new_vaccinations,new_vaccinations_smoothed,total_vaccinations_per_hundred,new_vaccinations_smoothed_per_million,stringency_index,population,population_density,median_age,aged_65_older,aged_70_older,gdp_per_capita,extreme_poverty,cardiovasc_death_rate,diabetes_prevalence,female_smokers,male_smokers,handwashing_facilities,hospital_beds_per_thousand,life_expectancy,human_development_index
IRN,Asia,Iran,2020-03-01,978.0,385.0,133.571,54.0,11.0,6.571,11.644,4.584,1.59,0.643,0.131,0.078,5.0,,,,,,,,,,,,,,,,,,,,,,,20.37,83992953.0,49.831,32.4,5.44,3.182,19082.62,0.2,270.308,9.59,0.8,21.1,,1.5,76.68,0.798
IRN,Asia,Iran,2020-03-02,1501.0,523.0,205.714,66.0,12.0,7.714,17.871,6.227,2.449,0.786,0.143,0.092,4.57,,,,,,,,,,,,,,,,,,,,,,,20.37,83992953.0,49.831,32.4,5.44,3.182,19082.62,0.2,270.308,9.59,0.8,21.1,,1.5,76.68,0.798
IRN,Asia,Iran,2020-03-03,2336.0,835.0,320.143,77.0,11.0,8.714,27.812,9.941,3.812,0.917,0.131,0.104,4.23,,,,,,,,,,,,,,,,,,,,,,,20.37,83992953.0,49.831,32.4,5.44,3.182,19082.62,0.2,270.308,9.59,0.8,21.1,,1.5,76.68,0.798
IRN,Asia,Iran,2020-03-04,2922.0,586.0,397.571,92.0,15.0,10.429,34.789,6.977,4.733,1.095,0.179,0.124,2.75,,,,,,,,,,,,,,,,,,,,,,,20.37,83992953.0,49.831,32.4,5.44,3.182,19082.62,0.2,270.308,9.59,0.8,21.1,,1.5,76.68,0.798
IRN,Asia,Iran,2020-03-05,3513.0,591.0,466.857,107.0,15.0,11.571,41.825,7.036,5.558,1.274,0.179,0.138,2.36,,,,,,,,,,,,,,,,,,,,,,,42.59,83992953.0,49.831,32.4,5.44,3.182,19082.62,0.2,270.308,9.59,0.8,21.1,,1.5,76.68,0.798
IRN,Asia,Iran,2020-03-06,4747.0,1234.0,622.714,124.0,17.0,12.857,56.517,14.692,7.414,1.476,0.202,0.153,2.89,,,,,,,,,,,,,,,,,,,,,,,42.59,83992953.0,49.831,32.4,5.44,3.182,19082.62,0.2,270.308,9.59,0.8,21.1,,1.5,76.68,0.798
IRN,Asia,Iran,2020-03-07,5823.0,1076.0,747.143,145.0,21.0,14.571,69.327,12.811,8.895,1.726,0.25,0.173,2.23,,,,,,,,,,,,,,,,,,,,,,,42.59,83992953.0,49.831,32.4,5.44,3.182,19082.62,0.2,270.308,9.59,0.8,21.1,,1.5,76.68,0.798
IRN,Asia,Iran,2020-03-08,6566.0,743.0,798.286,194.0,49.0,20.0,78.173,8.846,9.504,2.31,0.583,0.238,1.53,,,,,,,,,,,,,,,,,,,,,,,42.59,83992953.0,49.831,32.4,5.44,3.182,19082.62,0.2,270.308,9.59,0.8,21.1,,1.5,76.68,0.798
IRN,Asia,Iran,2020-03-09,7161.0,595.0,808.571,237.0,43.0,24.429,85.257,7.084,9.627,2.822,0.512,0.291,1.25,,,,,,,,,,,,,,,,,,,,,,,42.59,83992953.0,49.831,32.4,5.44,3.182,19082.62,0.2,270.308,9.59,0.8,21.1,,1.5,76.68,0.798
IRN,Asia,Iran,2020-03-10,8042.0,881.0,815.143,291.0,54.0,30.571,95.746,10.489,9.705,3.465,0.643,0.364,1.44,,,,,,,,,,,,,,,,,,,,,,,42.59,83992953.0,49.831,32.4,5.44,3.182,19082.62,0.2,270.308,9.59,0.8,21.1,,1.5,76.68,0.798
IRN,Asia,Iran,2020-03-11,9000.0,958.0,868.286,354.0,63.0,37.429,107.152,11.406,10.338,4.215,0.75,0.446,1.51,,,,,,,,,,,,,,,,,,,,,,,48.15,83992953.0,49.831,32.4,5.44,3.182,19082.62,0.2,270.308,9.59,0.8,21.1,,1.5,76.68,0.798
IRN,Asia,Iran,2020-03-12,10075.0,1075.0,937.429,429.0,75.0,46.0,119.951,12.799,11.161,5.108,0.893,0.548,1.59,,,,,,,,,,,,,,,,,,,,,,,48.15,83992953.0,49.831,32.4,5.44,3.182,19082.62,0.2,270.308,9.59,0.8,21.1,,1.5,76.68,0.798
IRN,Asia,Iran,2020-03-13,11364.0,1289.0,945.286,514.0,85.0,55.714,135.297,15.347,11.254,6.12,1.012,0.663,1.67,,,,,,,,,,,,,,,,,,,,,,,48.15,83992953.0,49.831,32.4,5.44,3.182,19082.62,0.2,270.308,9.59,0.8,21.1,,1.5,76.68,0.798
IRN,Asia,Iran,2020-03-14,12729.0,1365.0,986.571,611.0,97.0,66.571,151.548,16.251,11.746,7.274,1.155,0.793,1.6,,,,,,,,,,,,,,,,,,,,,,,48.15,83992953.0,49.831,32.4,5.44,3.182,19082.62,0.2,270.308,9.59,0.8,21.1,,1.5,76.68,0.798
IRN,Asia,Iran,2020-03-15,13938.0,1209.0,1053.143,724.0,113.0,75.714,165.942,14.394,12.538,8.62,1.345,0.901,1.38,,,,,,,,,,,,,,,,,,,,,,,48.15,83992953.0,49.831,32.4,5.44,3.182,19082.62,0.2,270.308,9.59,0.8,21.1,,1.5,76.68,0.798
IRN,Asia,Iran,2020-03-16,14991.0,1053.0,1118.571,853.0,129.0,88.0,178.479,12.537,13.317,10.156,1.536,1.048,1.21,,,,,,,,,,,,,,,,,,,,,,,48.15,83992953.0,49.831,32.4,5.44,3.182,19082.62,0.2,270.308,9.59,0.8,21.1,,1.5,76.68,0.798
IRN,Asia,Iran,2020-03-17,16169.0,1178.0,1161.0,988.0,135.0,99.571,192.504,14.025,13.823,11.763,1.607,1.185,1.22,,,,,,,,,,,,,,,,,,,,,,,48.15,83992953.0,49.831,32.4,5.44,3.182,19082.62,0.2,270.308,9.59,0.8,21.1,,1.5,76.68,0.798
IRN,Asia,Iran,2020-03-18,17361.0,1192.0,1194.429,1135.0,147.0,111.571,206.696,14.192,14.221,13.513,1.75,1.328,1.18,,,,,,,,,,,,,,,,,,,,,,,48.15,83992953.0,49.831,32.4,5.44,3.182,19082.62,0.2,270.308,9.59,0.8,21.1,,1.5,76.68,0.798
IRN,Asia,Iran,2020-03-19,18407.0,1046.0,1190.286,1284.0,149.0,122.143,219.149,12.453,14.171,15.287,1.774,1.454,1.09,,,,,,,,,,,,,,,,,,,,,,,51.85,83992953.0,49.831,32.4,5.44,3.182,19082.62,0.2,270.308,9.59,0.8,21.1,,1.5,76.68,0.798
IRN,Asia,Iran,2020-03-20,19644.0,1237.0,1182.857,1433.0,149.0,131.286,233.877,14.727,14.083,17.061,1.774,1.563,1.13,,,,,,,,,,,,,,,,,,,,,,,51.85,83992953.0,49.831,32.4,5.44,3.182,19082.62,0.2,270.308,9.59,0.8,21.1,,1.5,76.68,0.798
IRN,Asia,Iran,2020-03-21,20610.0,966.0,1125.857,1556.0,123.0,135.0,245.378,11.501,13.404,18.525,1.464,1.607,1.02,,,,,,,,,,,,,,,,,,,,,,,51.85,83992953.0,49.831,32.4,5.44,3.182,19082.62,0.2,270.308,9.59,0.8,21.1,,1.5,76.68,0.798
IRN,Asia,Iran,2020-03-22,21638.0,1028.0,1100.0,1685.0,129.0,137.286,257.617,12.239,13.096,20.061,1.536,1.634,1.09,,,,,,,,,,,,,,,,,,,,,,,57.41,83992953.0,49.831,32.4,5.44,3.182,19082.62,0.2,270.308,9.59,0.8,21.1,,1.5,76.68,0.798
IRN,Asia,Iran,2020-03-23,23049.0,1411.0,1151.143,1812.0,127.0,137.0,274.416,16.799,13.705,21.573,1.512,1.631,1.35,,,,,,,,,,,,,,,,,,,,,,,57.41,83992953.0,49.831,32.4,5.44,3.182,19082.62,0.2,270.308,9.59,0.8,21.1,,1.5,76.68,0.798
IRN,Asia,Iran,2020-03-24,24811.0,1762.0,1234.571,1934.0,122.0,135.143,295.394,20.978,14.699,23.026,1.453,1.609,1.59,,,,,,,,,,,,,,,,,,,,,,,57.41,83992953.0,49.831,32.4,5.44,3.182,19082.62,0.2,270.308,9.59,0.8,21.1,,1.5,76.68,0.798
IRN,Asia,Iran,2020-03-25,27017.0,2206.0,1379.429,2077.0,143.0,134.571,321.658,26.264,16.423,24.728,1.703,1.602,1.78,,,,,,,,,,,,,,,,,,,,,,,57.41,83992953.0,49.831,32.4,5.44,3.182,19082.62,0.2,270.308,9.59,0.8,21.1,,1.5,76.68,0.798
IRN,Asia,Iran,2020-03-26,29406.0,2389.0,1571.286,2234.0,157.0,135.714,350.101,28.443,18.707,26.597,1.869,1.616,1.81,,,,,,,,,,,,,,,,,,,,,,,57.41,83992953.0,49.831,32.4,5.44,3.182,19082.62,0.2,270.308,9.59,0.8,21.1,,1.5,76.68,0.798
IRN,Asia,Iran,2020-03-27,32332.0,2926.0,1812.571,2378.0,144.0,135.0,384.937,34.836,21.58,28.312,1.714,1.607,1.88,,,,,,,,,,,,,,,,,,,,,,,57.41,83992953.0,49.831,32.4,5.44,3.182,19082.62,0.2,270.308,9.59,0.8,21.1,,1.5,76.68,0.798
IRN,Asia,Iran,2020-03-28,35408.0,3076.0,2114.0,2517.0,139.0,137.286,421.559,36.622,25.169,29.967,1.655,1.634,1.78,,,,,,,,,,,,,,,,,,,,,,,57.41,83992953.0,49.831,32.4,5.44,3.182,19082.62,0.2,270.308,9.59,0.8,21.1,,1.5,76.68,0.798
IRN,Asia,Iran,2020-03-29,38309.0,2901.0,2381.571,2640.0,123.0,136.429,456.098,34.539,28.354,31.431,1.464,1.624,1.6,,,,,,,,,,,,,,,,,,,,,,,57.41,83992953.0,49.831,32.4,5.44,3.182,19082.62,0.2,270.308,9.59,0.8,21.1,,1.5,76.68,0.798
IRN,Asia,Iran,2020-03-30,41495.0,3186.0,2635.143,2757.0,117.0,135.0,494.03,37.932,31.373,32.824,1.393,1.607,1.54,,,,,,,,,,,,,,,,,,,,,,,57.41,83992953.0,49.831,32.4,5.44,3.182,19082.62,0.2,270.308,9.59,0.8,21.1,,1.5,76.68,0.798
IRN,Asia,Iran,2020-03-31,44605.0,3110.0,2827.714,2898.0,141.0,137.714,531.056,37.027,33.666,34.503,1.679,1.64,1.42,,,,,,,,,,,,,,,,,,,,,,,57.41,83992953.0,49.831,32.4,5.44,3.182,19082.62,0.2,270.308,9.59,0.8,21.1,,1.5,76.68,0.798
IRN,Asia,Iran,2020-04-01,47593.0,2988.0,2939.429,3036.0,138.0,137.0,566.631,35.574,34.996,36.146,1.643,1.631,1.29,,,,,,,,,,,,,,,,,,,,,,,57.41,83992953.0,49.831,32.4,5.44,3.182,19082.62,0.2,270.308,9.59,0.8,21.1,,1.5,76.68,0.798
IRN,Asia,Iran,2020-04-02,50468.0,2875.0,3008.857,3160.0,124.0,132.286,600.86,34.229,35.823,37.622,1.476,1.575,1.19,,,,,,,,,,,,,,,,,,,,,,,57.41,83992953.0,49.831,32.4,5.44,3.182,19082.62,0.2,270.308,9.59,0.8,21.1,,1.5,76.68,0.798
IRN,Asia,Iran,2020-04-03,53183.0,2715.0,2978.714,3294.0,134.0,130.857,633.184,32.324,35.464,39.218,1.595,1.558,1.1,,,,,,,,,,,,,,,,,,,,,,,57.41,83992953.0,49.831,32.4,5.44,3.182,19082.62,0.2,270.308,9.59,0.8,21.1,,1.5,76.68,0.798
IRN,Asia,Iran,2020-04-04,55743.0,2560.0,2905.0,3452.0,158.0,133.571,663.663,30.479,34.586,41.099,1.881,1.59,1.03,,,,,,,,,,,,,,,,,,,,,,,57.41,83992953.0,49.831,32.4,5.44,3.182,19082.62,0.2,270.308,9.59,0.8,21.1,,1.5,76.68,0.798
IRN,Asia,Iran,2020-04-05,58226.0,2483.0,2845.286,3603.0,151.0,137.571,693.225,29.562,33.875,42.896,1.798,1.638,0.98,,,,,,,,,,189790.0,2.26,,,,,,tests performed,,,,,,59.26,83992953.0,49.831,32.4,5.44,3.182,19082.62,0.2,270.308,9.59,0.8,21.1,,1.5,76.68,0.798
IRN,Asia,Iran,2020-04-06,60500.0,2274.0,2715.0,3739.0,136.0,140.286,720.299,27.074,32.324,44.516,1.619,1.67,0.91,,,,,,,,,,,,,,,,,tests performed,,,,,,59.26,83992953.0,49.831,32.4,5.44,3.182,19082.62,0.2,270.308,9.59,0.8,21.1,,1.5,76.68,0.798
IRN,Asia,Iran,2020-04-07,62589.0,2089.0,2569.143,3872.0,133.0,139.143,745.17,24.871,30.588,46.099,1.583,1.657,0.85,,,,,,,,,,,,,,,,,tests performed,,,,,,59.26,83992953.0,49.831,32.4,5.44,3.182,19082.62,0.2,270.308,9.59,0.8,21.1,,1.5,76.68,0.798
IRN,Asia,Iran,2020-04-08,64586.0,1997.0,2427.571,3993.0,121.0,136.714,768.945,23.776,28.902,47.54,1.441,1.628,0.81,,,,,,,,,,220975.0,2.631,,,,,,tests performed,,,,,,59.26,83992953.0,49.831,32.4,5.44,3.182,19082.62,0.2,270.308,9.59,0.8,21.1,,1.5,76.68,0.798
IRN,Asia,Iran,2020-04-09,66220.0,1634.0,2250.286,4110.0,117.0,135.714,788.399,19.454,26.791,48.933,1.393,1.616,0.76,,,,,,,,,10418.0,231393.0,2.755,0.124,,,,,tests performed,,,,,,59.26,83992953.0,49.831,32.4,5.44,3.182,19082.62,0.2,270.308,9.59,0.8,21.1,,1.5,76.68,0.798
IRN,Asia,Iran,2020-04-10,68192.0,1972.0,2144.143,4232.0,122.0,134.0,811.878,23.478,25.528,50.385,1.453,1.595,0.83,,,,,,,,,11175.0,242568.0,2.888,0.133,,,,,tests performed,,,,,,59.26,83992953.0,49.831,32.4,5.44,3.182,19082.62,0.2,270.308,9.59,0.8,21.1,,1.5,76.68,0.798
IRN,Asia,Iran,2020-04-11,70029.0,1837.0,2040.857,4357.0,125.0,129.286,833.749,21.871,24.298,51.873,1.488,1.539,0.82,,,,,,,,,9135.0,251703.0,2.997,0.109,,,,,tests performed,,,,,,50.93,83992953.0,49.831,32.4,5.44,3.182,19082.62,0.2,270.308,9.59,0.8,21.1,,1.5,76.68,0.798
IRN,Asia,Iran,2020-04-12,71686.0,1657.0,1922.857,4474.0,117.0,124.429,853.476,19.728,22.893,53.266,1.393,1.481,0.78,,,,,,,,,11685.0,263388.0,3.136,0.139,10514.0,0.125,0.183,5.5,tests performed,,,,,,50.93,83992953.0,49.831,32.4,5.44,3.182,19082.62,0.2,270.308,9.59,0.8,21.1,,1.5,76.68,0.798
IRN,Asia,Iran,2020-04-13,73303.0,1617.0,1829.0,4585.0,111.0,120.857,872.728,19.252,21.776,54.588,1.322,1.439,0.78,,,,,,,,,,,,,10741.0,0.128,0.17,5.9,tests performed,,,,,,50.93,83992953.0,49.831,32.4,5.44,3.182,19082.62,0.2,270.308,9.59,0.8,21.1,,1.5,76.68,0.798
IRN,Asia,Iran,2020-04-14,74877.0,1574.0,1755.429,4683.0,98.0,115.857,891.468,18.74,20.9,55.755,1.167,1.379,0.78,,,,,,,,,,287359.0,3.421,,10968.0,0.131,0.16,6.2,tests performed,,,,,,50.93,83992953.0,49.831,32.4,5.44,3.182,19082.62,0.2,270.308,9.59,0.8,21.1,,1.5,76.68,0.798
IRN,Asia,Iran,2020-04-15,76389.0,1512.0,1686.143,4777.0,94.0,112.0,909.469,18.002,20.075,56.874,1.119,1.333,0.79,,,,,,,,,11845.0,299204.0,3.562,0.141,11176.0,0.133,0.151,6.6,tests performed,,,,,,50.93,83992953.0,49.831,32.4,5.44,3.182,19082.62,0.2,270.308,9.59,0.8,21.1,,1.5,76.68,0.798
IRN,Asia,Iran,2020-04-16,77995.0,1606.0,1682.143,4869.0,92.0,108.429,928.59,19.121,20.027,57.969,1.095,1.291,0.82,,,,,,,,,11136.0,310340.0,3.695,0.133,11278.0,0.134,0.149,6.7,tests performed,,,,,,50.93,83992953.0,49.831,32.4,5.44,3.182,19082.62,0.2,270.308,9.59,0.8,21.1,,1.5,76.68,0.798
IRN,Asia,Iran,2020-04-17,79494.0,1499.0,1614.571,4958.0,89.0,103.714,946.437,17.847,19.223,59.029,1.06,1.235,0.8,,,,,,,,,9539.0,319879.0,3.808,0.114,11044.0,0.131,0.146,6.8,tests performed,,,,,,50.93,83992953.0,49.831,32.4,5.44,3.182,19082.62,0.2,270.308,9.59,0.8,21.1,,1.5,76.68,0.798
IRN,Asia,Iran,2020-04-18,80868.0,1374.0,1548.429,5031.0,73.0,96.286,962.795,16.359,18.435,59.898,0.869,1.146,0.77,,,,,,,,,10258.0,330137.0,3.931,0.122,11205.0,0.133,0.138,7.2,tests performed,,,,,,50.93,83992953.0,49.831,32.4,5.44,3.182,19082.62,0.2,270.308,9.59,0.8,21.1,,1.5,76.68,0.798
IRN,Asia,Iran,2020-04-19,82211.0,1343.0,1503.571,5118.0,87.0,92.0,978.784,15.989,17.901,60.934,1.036,1.095,0.77,,,,,,,,,11525.0,341662.0,4.068,0.137,11182.0,0.133,0.134,7.4,tests performed,,,,,,53.7,83992953.0,49.831,32.4,5.44,3.182,19082.62,0.2,270.308,9.59,0.8,21.1,,1.5,76.68,0.798
IRN,Asia,Iran,2020-04-20,83505.0,1294.0,1457.429,5209.0,91.0,89.143,994.191,15.406,17.352,62.017,1.083,1.061,0.77,,,,,,,,,11350.0,353012.0,4.203,0.135,11091.0,0.132,0.131,7.6,tests performed,,,,,,53.7,83992953.0,49.831,32.4,5.44,3.182,19082.62,0.2,270.308,9.59,0.8,21.1,,1.5,76.68,0.798
IRN,Asia,Iran,2020-04-21,84802.0,1297.0,1417.857,5297.0,88.0,87.714,1009.632,15.442,16.881,63.065,1.048,1.044,0.78,,,,,,,,,12711.0,365723.0,4.354,0.151,11195.0,0.133,0.127,7.9,tests performed,,,,,,53.7,83992953.0,49.831,32.4,5.44,3.182,19082.62,0.2,270.308,9.59,0.8,21.1,,1.5,76.68,0.798
IRN,Asia,Iran,2020-04-22,85996.0,1194.0,1372.429,5391.0,94.0,87.714,1023.848,14.215,16.34,64.184,1.119,1.044,0.75,,,,,,,,,,,,,11202.0,0.133,0.123,8.2,tests performed,,,,,,53.7,83992953.0,49.831,32.4,5.44,3.182,19082.62,0.2,270.308,9.59,0.8,21.1,,1.5,76.68,0.798
IRN,Asia,Iran,2020-04-23,87026.0,1030.0,1290.143,5481.0,90.0,87.429,1036.111,12.263,15.36,65.255,1.072,1.041,0.72,,,,,,,,,,389507.0,4.637,,11310.0,0.135,0.114,8.8,tests performed,,,,,,53.7,83992953.0,49.831,32.4,5.44,3.182,19082.62,0.2,270.308,9.59,0.8,21.1,,1.5,76.68,0.798
IRN,Asia,Iran,2020-04-24,88194.0,1168.0,1242.857,5574.0,93.0,88.0,1050.017,13.906,14.797,66.363,1.107,1.048,0.78,,,,,,,,,10420.0,399927.0,4.761,0.124,11435.0,0.136,0.109,9.2,tests performed,,,,,,53.7,83992953.0,49.831,32.4,5.44,3.182,19082.62,0.2,270.308,9.59,0.8,21.1,,1.5,76.68,0.798
IRN,Asia,Iran,2020-04-25,89328.0,1134.0,1208.571,5650.0,76.0,88.429,1063.518,13.501,14.389,67.268,0.905,1.053,0.8,,,,,,,,,10148.0,410075.0,4.882,0.121,11420.0,0.136,0.106,9.4,tests performed,,,,,,53.7,83992953.0,49.831,32.4,5.44,3.182,19082.62,0.2,270.308,9.59,0.8,21.1,,1.5,76.68,0.798
IRN,Asia,Iran,2020-04-26,90481.0,1153.0,1181.429,5710.0,60.0,84.571,1077.245,13.727,14.066,67.982,0.714,1.007,0.81,,,,,,,,,11238.0,421313.0,5.016,0.134,11379.0,0.135,0.104,9.6,tests performed,,,,,,53.7,83992953.0,49.831,32.4,5.44,3.182,19082.62,0.2,270.308,9.59,0.8,21.1,,1.5,76.68,0.798
IRN,Asia,Iran,2020-04-27,91472.0,991.0,1138.143,5806.0,96.0,85.286,1089.044,11.799,13.55,69.125,1.143,1.015,0.78,,,,,,,,,11016.0,432329.0,5.147,0.131,11331.0,0.135,0.1,10.0,tests performed,,,,,,53.7,83992953.0,49.831,32.4,5.44,3.182,19082.62,0.2,270.308,9.59,0.8,21.1,,1.5,76.68,0.798
IRN,Asia,Iran,2020-04-28,92584.0,1112.0,1111.714,5877.0,71.0,82.857,1102.283,13.239,13.236,69.97,0.845,0.986,0.83,,,,,,,,,,,,,11019.0,0.131,0.101,9.9,tests performed,,,,,,53.7,83992953.0,49.831,32.4,5.44,3.182,19082.62,0.2,270.308,9.59,0.8,21.1,,1.5,76.68,0.798
IRN,Asia,Iran,2020-04-29,93657.0,1073.0,1094.429,5957.0,80.0,80.857,1115.058,12.775,13.03,70.923,0.952,0.963,0.83,,,,,,,,,,453386.0,5.398,,10824.0,0.129,0.101,9.9,tests performed,,,,,,53.7,83992953.0,49.831,32.4,5.44,3.182,19082.62,0.2,270.308,9.59,0.8,21.1,,1.5,76.68,0.798
IRN,Asia,Iran,2020-04-30,94640.0,983.0,1087.714,6028.0,71.0,78.143,1126.761,11.703,12.95,71.768,0.845,0.93,0.81,,,,,,,,,9909.0,463295.0,5.516,0.118,10541.0,0.125,0.103,9.7,tests performed,,,,,,53.7,83992953.0,49.831,32.4,5.44,3.182,19082.62,0.2,270.308,9.59,0.8,21.1,,1.5,76.68,0.798
IRN,Asia,Iran,2020-05-01,95646.0,1006.0,1064.571,6091.0,63.0,73.857,1138.738,11.977,12.675,72.518,0.75,0.879,0.81,,,,,,,,,11728.0,475023.0,5.656,0.14,10728.0,0.128,0.099,10.1,tests performed,,,,,,53.7,83992953.0,49.831,32.4,5.44,3.182,19082.62,0.2,270.308,9.59,0.8,21.1,,1.5,76.68,0.798
IRN,Asia,Iran,2020-05-02,96448.0,802.0,1017.143,6156.0,65.0,72.286,1148.287,9.548,12.11,73.292,0.774,0.861,0.77,,,,,,,,,9518.0,484541.0,5.769,0.113,10638.0,0.127,0.096,10.5,tests performed,,,,,,53.7,83992953.0,49.831,32.4,5.44,3.182,19082.62,0.2,270.308,9.59,0.8,21.1,,1.5,76.68,0.798
IRN,Asia,Iran,2020-05-03,97424.0,976.0,991.857,6203.0,47.0,70.429,1159.907,11.62,11.809,73.851,0.56,0.839,0.9,,,,,,,,,11732.0,496273.0,5.909,0.14,10709.0,0.127,0.093,10.8,tests performed,,,,,,53.7,83992953.0,49.831,32.4,5.44,3.182,19082.62,0.2,270.308,9.59,0.8,21.1,,1.5,76.68,0.798
IRN,Asia,Iran,2020-05-04,98647.0,1223.0,1025.0,6277.0,74.0,67.286,1174.468,14.561,12.203,74.732,0.881,0.801,1.08,,,,,,,,,12015.0,508288.0,6.052,0.143,10851.0,0.129,0.094,10.6,tests performed,,,,,,53.7,83992953.0,49.831,32.4,5.44,3.182,19082.62,0.2,270.308,9.59,0.8,21.1,,1.5,76.68,0.798
IRN,Asia,Iran,2020-05-05,99970.0,1323.0,1055.143,6340.0,63.0,66.143,1190.219,15.751,12.562,75.483,0.75,0.787,1.19,,,,,,,,,11255.0,519543.0,6.186,0.134,10955.0,0.13,0.096,10.4,tests performed,,,,,,53.7,83992953.0,49.831,32.4,5.44,3.182,19082.62,0.2,270.308,9.59,0.8,21.1,,1.5,76.68,0.798
IRN,Asia,Iran,2020-05-06,101650.0,1680.0,1141.857,6418.0,78.0,65.857,1210.221,20.002,13.595,76.411,0.929,0.784,1.34,,,,,,,,,11732.0,531275.0,6.325,0.14,11127.0,0.132,0.103,9.7,tests performed,,,,,,53.7,83992953.0,49.831,32.4,5.44,3.182,19082.62,0.2,270.308,9.59,0.8,21.1,,1.5,76.68,0.798
IRN,Asia,Iran,2020-05-07,103135.0,1485.0,1213.571,6486.0,68.0,65.429,1227.901,17.68,14.448,77.221,0.81,0.779,1.25,,,,,,,,,13517.0,544792.0,6.486,0.161,11642.0,0.139,0.104,9.6,tests performed,,,,,,53.7,83992953.0,49.831,32.4,5.44,3.182,19082.62,0.2,270.308,9.59,0.8,21.1,,1.5,76.68,0.798
IRN,Asia,Iran,2020-05-08,104691.0,1556.0,1292.143,6541.0,55.0,64.286,1246.426,18.525,15.384,77.876,0.655,0.765,1.22,,,,,,,,,14107.0,558899.0,6.654,0.168,11982.0,0.143,0.108,9.3,tests performed,,,,,,53.7,83992953.0,49.831,32.4,5.44,3.182,19082.62,0.2,270.308,9.59,0.8,21.1,,1.5,76.68,0.798
IRN,Asia,Iran,2020-05-09,106220.0,1529.0,1396.0,6589.0,48.0,61.857,1264.63,18.204,16.62,78.447,0.571,0.736,1.17,,,,,,,,,,,,,12608.0,0.15,0.111,9.0,tests performed,,,,,,50.93,83992953.0,49.831,32.4,5.44,3.182,19082.62,0.2,270.308,9.59,0.8,21.1,,1.5,76.68,0.798
IRN,Asia,Iran,2020-05-10,107603.0,1383.0,1454.143,6640.0,51.0,62.429,1281.096,16.466,17.313,79.054,0.607,0.743,1.11,,,,,,,,,,586699.0,6.985,,12918.0,0.154,0.113,8.9,tests performed,,,,,,50.93,83992953.0,49.831,32.4,5.44,3.182,19082.62,0.2,270.308,9.59,0.8,21.1,,1.5,76.68,0.798
IRN,Asia,Iran,2020-05-11,109286.0,1683.0,1519.857,6685.0,45.0,58.286,1301.133,20.037,18.095,79.59,0.536,0.694,1.19,,,,,,,,,,,,,13257.0,0.158,0.115,8.7,tests performed,,,,,,50.93,83992953.0,49.831,32.4,5.44,3.182,19082.62,0.2,270.308,9.59,0.8,21.1,,1.5,76.68,0.798
IRN,Asia,Iran,2020-05-12,110767.0,1481.0,1542.429,6733.0,48.0,56.143,1318.765,17.632,18.364,80.161,0.571,0.668,1.16,,,,,,,,,,615477.0,7.328,,13705.0,0.163,0.113,8.9,tests performed,,,,,,50.93,83992953.0,49.831,32.4,5.44,3.182,19082.62,0.2,270.308,9.59,0.8,21.1,,1.5,76.68,0.798
IRN,Asia,Iran,2020-05-13,112725.0,1958.0,1582.143,6783.0,50.0,52.143,1342.077,23.311,18.837,80.757,0.595,0.621,1.3,,,,,,,,,14057.0,629534.0,7.495,0.167,14037.0,0.167,0.113,8.9,tests performed,,,,,,50.93,83992953.0,49.831,32.4,5.44,3.182,19082.62,0.2,270.308,9.59,0.8,21.1,,1.5,76.68,0.798
IRN,Asia,Iran,2020-05-14,114533.0,1808.0,1628.286,6854.0,71.0,52.571,1363.602,21.526,19.386,81.602,0.845,0.626,1.26,,,,,,,,,14238.0,643772.0,7.665,0.17,14140.0,0.168,0.115,8.7,tests performed,,,,,,50.93,83992953.0,49.831,32.4,5.44,3.182,19082.62,0.2,270.308,9.59,0.8,21.1,,1.5,76.68,0.798
IRN,Asia,Iran,2020-05-15,116635.0,2102.0,1706.286,6902.0,48.0,51.571,1388.628,25.026,20.315,82.174,0.571,0.614,1.29,,,,,,,,,14832.0,658604.0,7.841,0.177,14244.0,0.17,0.12,8.3,tests performed,,,,,,50.93,83992953.0,49.831,32.4,5.44,3.182,19082.62,0.2,270.308,9.59,0.8,21.1,,1.5,76.68,0.798
IRN,Asia,Iran,2020-05-16,118392.0,1757.0,1738.857,6937.0,35.0,49.714,1409.547,20.918,20.702,82.59,0.417,0.592,1.16,,,,,,,,,14075.0,672679.0,8.009,0.168,14269.0,0.17,0.122,8.2,tests performed,,,,,,45.37,83992953.0,49.831,32.4,5.44,3.182,19082.62,0.2,270.308,9.59,0.8,21.1,,1.5,76.68,0.798
IRN,Asia,Iran,2020-05-17,120198.0,1806.0,1799.286,6988.0,51.0,49.714,1431.049,21.502,21.422,83.197,0.607,0.592,1.17,,,,,,,,,14256.0,686935.0,8.178,0.17,14319.0,0.17,0.126,8.0,tests performed,,,,,,45.37,83992953.0,49.831,32.4,5.44,3.182,19082.62,0.2,270.308,9.59,0.8,21.1,,1.5,76.68,0.798
IRN,Asia,Iran,2020-05-18,122492.0,2294.0,1886.571,7057.0,69.0,53.143,1458.36,27.312,22.461,84.019,0.821,0.633,1.29,,,,,,,,,14705.0,701640.0,8.354,0.175,14365.0,0.171,0.131,7.6,tests performed,,,,,,45.37,83992953.0,49.831,32.4,5.44,3.182,19082.62,0.2,270.308,9.59,0.8,21.1,,1.5,76.68,0.798
IRN,Asia,Iran,2020-05-19,124603.0,2111.0,1976.571,7119.0,62.0,55.143,1483.494,25.133,23.533,84.757,0.738,0.657,1.25,,,,,,,,,14536.0,716176.0,8.527,0.173,14386.0,0.171,0.137,7.3,tests performed,,,,,,45.37,83992953.0,49.831,32.4,5.44,3.182,19082.62,0.2,270.308,9.59,0.8,21.1,,1.5,76.68,0.798
IRN,Asia,Iran,2020-05-20,126949.0,2346.0,2032.0,7183.0,64.0,57.143,1511.424,27.931,24.193,85.519,0.762,0.68,1.27,,,,,,,,,15037.0,731213.0,8.706,0.179,14526.0,0.173,0.14,7.1,tests performed,,,,,,45.37,83992953.0,49.831,32.4,5.44,3.182,19082.62,0.2,270.308,9.59,0.8,21.1,,1.5,76.68,0.798
IRN,Asia,Iran,2020-05-21,129341.0,2392.0,2115.429,7249.0,66.0,56.429,1539.903,28.479,25.186,86.305,0.786,0.672,1.24,,,,,,,,,14832.0,746045.0,8.882,0.177,14610.0,0.174,0.145,6.9,tests performed,,,,,,45.37,83992953.0,49.831,32.4,5.44,3.182,19082.62,0.2,270.308,9.59,0.8,21.1,,1.5,76.68,0.798
IRN,Asia,Iran,2020-05-22,131652.0,2311.0,2145.286,7300.0,51.0,56.857,1567.417,27.514,25.541,86.912,0.607,0.677,1.16,,,,,,,,,17868.0,763913.0,9.095,0.213,15044.0,0.179,0.143,7.0,tests performed,,,,,,45.37,83992953.0,49.831,32.4,5.44,3.182,19082.62,0.2,270.308,9.59,0.8,21.1,,1.5,76.68,0.798
IRN,Asia,Iran,2020-05-23,133521.0,1869.0,2161.286,7359.0,59.0,60.286,1589.669,22.252,25.732,87.614,0.702,0.718,1.02,,,,,,,,,17373.0,781286.0,9.302,0.207,15515.0,0.185,0.139,7.2,tests performed,,,,,,45.37,83992953.0,49.831,32.4,5.44,3.182,19082.62,0.2,270.308,9.59,0.8,21.1,,1.5,76.68,0.798
IRN,Asia,Iran,2020-05-24,135701.0,2180.0,2214.714,7417.0,58.0,61.286,1615.624,25.955,26.368,88.305,0.691,0.73,1.06,,,,,,,,,19233.0,800519.0,9.531,0.229,16226.0,0.193,0.136,7.3,tests performed,,,,,,47.22,83992953.0,49.831,32.4,5.44,3.182,19082.62,0.2,270.308,9.59,0.8,21.1,,1.5,76.68,0.798
IRN,Asia,Iran,2020-05-25,137724.0,2023.0,2176.0,7451.0,34.0,56.286,1639.709,24.085,25.907,88.71,0.405,0.67,1.01,,,,,,,,,18398.0,818917.0,9.75,0.219,16754.0,0.199,0.13,7.7,tests performed,,,,,,47.22,83992953.0,49.831,32.4,5.44,3.182,19082.62,0.2,270.308,9.59,0.8,21.1,,1.5,76.68,0.798
IRN,Asia,Iran,2020-05-26,139511.0,1787.0,2129.714,7508.0,57.0,55.571,1660.985,21.276,25.356,89.388,0.679,0.662,0.96,,,,,,,,,18173.0,837090.0,9.966,0.216,17273.0,0.206,0.123,8.1,tests performed,,,,,,44.44,83992953.0,49.831,32.4,5.44,3.182,19082.62,0.2,270.308,9.59,0.8,21.1,,1.5,76.68,0.798
IRN,Asia,Iran,2020-05-27,141591.0,2080.0,2091.714,7564.0,56.0,54.429,1685.749,24.764,24.903,90.055,0.667,0.648,1.05,,,,,,,,,19456.0,856546.0,10.198,0.232,17905.0,0.213,0.117,8.6,tests performed,,,,,,44.44,83992953.0,49.831,32.4,5.44,3.182,19082.62,0.2,270.308,9.59,0.8,21.1,,1.5,76.68,0.798
IRN,Asia,Iran,2020-05-28,143849.0,2258.0,2072.571,7627.0,63.0,54.0,1712.632,26.883,24.676,90.805,0.75,0.643,1.14,,,,,,,,,,,,,18645.0,0.222,0.111,9.0,tests performed,,,,,,44.44,83992953.0,49.831,32.4,5.44,3.182,19082.62,0.2,270.308,9.59,0.8,21.1,,1.5,76.68,0.798
IRN,Asia,Iran,2020-05-29,146668.0,2819.0,2145.143,7677.0,50.0,53.857,1746.194,33.562,25.54,91.401,0.595,0.641,1.26,,,,,,,,,,896571.0,10.674,,18951.0,0.226,0.113,8.8,tests performed,,,,,,44.44,83992953.0,49.831,32.4,5.44,3.182,19082.62,0.2,270.308,9.59,0.8,21.1,,1.5,76.68,0.798
IRN,Asia,Iran,2020-05-30,148950.0,2282.0,2204.143,7734.0,57.0,53.571,1773.363,27.169,26.242,92.079,0.679,0.638,1.15,,,,,,,,,19427.0,915998.0,10.906,0.231,19245.0,0.229,0.115,8.7,tests performed,,,,,,44.44,83992953.0,49.831,32.4,5.44,3.182,19082.62,0.2,270.308,9.59,0.8,21.1,,1.5,76.68,0.798
IRN,Asia,Iran,2020-05-31,151466.0,2516.0,2252.143,7797.0,63.0,54.286,1803.318,29.955,26.813,92.829,0.75,0.646,1.19,,,,,,,,,19896.0,935894.0,11.143,0.237,19339.0,0.23,0.116,8.6,tests performed,,,,,,44.44,83992953.0,49.831,32.4,5.44,3.182,19082.62,0.2,270.308,9.59,0.8,21.1,,1.5,76.68,0.798
IRN,Asia,Iran,2020-06-01,154445.0,2979.0,2388.714,7878.0,81.0,61.0,1838.785,35.467,28.439,93.794,0.964,0.726,1.3,,,,,,,,,19971.0,955865.0,11.38,0.238,19564.0,0.233,0.122,8.2,tests performed,,,,,,44.44,83992953.0,49.831,32.4,5.44,3.182,19082.62,0.2,270.308,9.59,0.8,21.1,,1.5,76.68,0.798
IRN,Asia,Iran,2020-06-02,157562.0,3117.0,2578.714,7942.0,64.0,62.0,1875.895,37.11,30.702,94.556,0.762,0.738,1.32,,,,,,,,,20071.0,975936.0,11.619,0.239,19835.0,0.236,0.13,7.7,tests performed,,,,,,44.44,83992953.0,49.831,32.4,5.44,3.182,19082.62,0.2,270.308,9.59,0.8,21.1,,1.5,76.68,0.798
IRN,Asia,Iran,2020-06-03,160696.0,3134.0,2729.286,8012.0,70.0,64.0,1913.208,37.313,32.494,95.389,0.833,0.762,1.3,,,,,,,,,21073.0,997009.0,11.87,0.251,20066.0,0.239,0.136,7.4,tests performed,,,,,,44.44,83992953.0,49.831,32.4,5.44,3.182,19082.62,0.2,270.308,9.59,0.8,21.1,,1.5,76.68,0.798
IRN,Asia,Iran,2020-06-04,164270.0,3574.0,2917.286,8071.0,59.0,63.429,1955.759,42.551,34.733,96.091,0.702,0.755,1.3,,,,,,,,,22353.0,1019362.0,12.136,0.266,20400.0,0.243,0.143,7.0,tests performed,,,,,,44.44,83992953.0,49.831,32.4,5.44,3.182,19082.62,0.2,270.308,9.59,0.8,21.1,,1.5,76.68,0.798
IRN,Asia,Iran,2020-06-05,167156.0,2886.0,2926.857,8134.0,63.0,65.286,1990.119,34.36,34.846,96.841,0.75,0.777,1.09,,,,,,,,,20927.0,1040289.0,12.385,0.249,20531.0,0.244,0.143,7.0,tests performed,,,,,,44.44,83992953.0,49.831,32.4,5.44,3.182,19082.62,0.2,270.308,9.59,0.8,21.1,,1.5,76.68,0.798
IRN,Asia,Iran,2020-06-06,169425.0,2269.0,2925.0,8209.0,75.0,67.857,2017.134,27.014,34.824,97.734,0.893,0.808,0.91,,,,,,,,,19837.0,1060126.0,12.622,0.236,20590.0,0.245,0.142,7.0,tests performed,,,,,,44.44,83992953.0,49.831,32.4,5.44,3.182,19082.62,0.2,270.308,9.59,0.8,21.1,,1.5,76.68,0.798
IRN,Asia,Iran,2020-06-07,171789.0,2364.0,2903.286,8281.0,72.0,69.143,2045.279,28.145,34.566,98.592,0.857,0.823,0.88,,,,,,,,,24731.0,1084857.0,12.916,0.294,21280.0,0.253,0.136,7.3,tests performed,,,,,,44.44,83992953.0,49.831,32.4,5.44,3.182,19082.62,0.2,270.308,9.59,0.8,21.1,,1.5,76.68,0.798
IRN,Asia,Iran,2020-06-08,173832.0,2043.0,2769.571,8351.0,70.0,67.571,2069.602,24.323,32.974,99.425,0.833,0.804,0.82,,,,,,,,,,,,,21552.0,0.257,0.129,7.8,tests performed,,,,,,44.44,83992953.0,49.831,32.4,5.44,3.182,19082.62,0.2,270.308,9.59,0.8,21.1,,1.5,76.68,0.798
IRN,Asia,Iran,2020-06-09,175927.0,2095.0,2623.571,8425.0,74.0,69.0,2094.545,24.943,31.236,100.306,0.881,0.821,0.83,,,,,,,,,,1128601.0,13.437,,21809.0,0.26,0.12,8.3,tests performed,,,,,,44.44,83992953.0,49.831,32.4,5.44,3.182,19082.62,0.2,270.308,9.59,0.8,21.1,,1.5,76.68,0.798
IRN,Asia,Iran,2020-06-10,177938.0,2011.0,2463.143,8506.0,81.0,70.571,2118.487,23.942,29.326,101.27,0.964,0.84,0.85,,,,,,,,,22431.0,1151032.0,13.704,0.267,22003.0,0.262,0.112,8.9,tests performed,,,,,,44.44,83992953.0,49.831,32.4,5.44,3.182,19082.62,0.2,270.308,9.59,0.8,21.1,,1.5,76.68,0.798
IRN,Asia,Iran,2020-06-11,180156.0,2218.0,2269.429,8584.0,78.0,73.286,2144.894,26.407,27.019,102.199,0.929,0.873,0.92,,,,,,,,,,,,,22090.0,0.263,0.103,9.7,tests performed,,,,,,44.44,83992953.0,49.831,32.4,5.44,3.182,19082.62,0.2,270.308,9.59,0.8,21.1,,1.5,76.68,0.798
IRN,Asia,Iran,2020-06-12,182525.0,2369.0,2195.571,8659.0,75.0,75.0,2173.099,28.205,26.14,103.092,0.893,0.893,0.98,,,,,,,,,,1196947.0,14.251,,22380.0,0.266,0.098,10.2,tests performed,,,,,,44.44,83992953.0,49.831,32.4,5.44,3.182,19082.62,0.2,270.308,9.59,0.8,21.1,,1.5,76.68,0.798
IRN,Asia,Iran,2020-06-13,184955.0,2430.0,2218.571,8730.0,71.0,74.429,2202.03,28.931,26.414,103.937,0.845,0.886,1.01,,,,,,,,,22453.0,1219400.0,14.518,0.267,22753.0,0.271,0.098,10.3,tests performed,,,,,,44.44,83992953.0,49.831,32.4,5.44,3.182,19082.62,0.2,270.308,9.59,0.8,21.1,,1.5,76.68,0.798
IRN,Asia,Iran,2020-06-14,187427.0,2472.0,2234.0,8837.0,107.0,79.429,2231.461,29.431,26.597,105.211,1.274,0.946,1.03,,,,,,,,,24674.0,1244074.0,14.812,0.294,22745.0,0.271,0.098,10.2,tests performed,,,,,,44.44,83992953.0,49.831,32.4,5.44,3.182,19082.62,0.2,270.308,9.59,0.8,21.1,,1.5,76.68,0.798
IRN,Asia,Iran,2020-06-15,189876.0,2449.0,2292.0,8950.0,113.0,85.571,2260.618,29.157,27.288,106.557,1.345,1.019,1.03,,,,,,,,,25120.0,1269194.0,15.111,0.299,23209.0,0.276,0.099,10.1,tests performed,,,,,,44.44,83992953.0,49.831,32.4,5.44,3.182,19082.62,0.2,270.308,9.59,0.8,21.1,,1.5,76.68,0.798
IRN,Asia,Iran,2020-06-16,192439.0,2563.0,2358.857,9065.0,115.0,91.429,2291.133,30.514,28.084,107.926,1.369,1.089,1.06,,,,,,,,,24415.0,1293609.0,15.401,0.291,23573.0,0.281,0.1,10.0,tests performed,,,,,,44.44,83992953.0,49.831,32.4,5.44,3.182,19082.62,0.2,270.308,9.59,0.8,21.1,,1.5,76.68,0.798
IRN,Asia,Iran,2020-06-17,195051.0,2612.0,2444.714,9185.0,120.0,97.0,2322.231,31.098,29.106,109.354,1.429,1.155,1.07,,,,,,,,,26311.0,1319920.0,15.715,0.313,24127.0,0.287,0.101,9.9,tests performed,,,,,,44.44,83992953.0,49.831,32.4,5.44,3.182,19082.62,0.2,270.308,9.59,0.8,21.1,,1.5,76.68,0.798
IRN,Asia,Iran,2020-06-18,197647.0,2596.0,2498.714,9272.0,87.0,98.286,2353.138,30.907,29.749,110.39,1.036,1.17,1.05,,,,,,,,,24679.0,1344599.0,16.008,0.294,24373.0,0.29,0.103,9.8,tests performed,,,,,,44.44,83992953.0,49.831,32.4,5.44,3.182,19082.62,0.2,270.308,9.59,0.8,21.1,,1.5,76.68,0.798
IRN,Asia,Iran,2020-06-19,200262.0,2615.0,2533.857,9392.0,120.0,104.714,2384.271,31.134,30.167,111.819,1.429,1.247,1.03,,,,,,,,,26119.0,1370718.0,16.319,0.311,24824.0,0.296,0.102,9.8,tests performed,,,,,,44.44,83992953.0,49.831,32.4,5.44,3.182,19082.62,0.2,270.308,9.59,0.8,21.1,,1.5,76.68,0.798
IRN,Asia,Iran,2020-06-20,202584.0,2322.0,2518.429,9507.0,115.0,111.0,2411.917,27.645,29.984,113.188,1.369,1.322,0.97,,,,,,,,,24957.0,1395675.0,16.617,0.297,25182.0,0.3,0.1,10.0,tests performed,,,,,,44.44,83992953.0,49.831,32.4,5.44,3.182,19082.62,0.2,270.308,9.59,0.8,21.1,,1.5,76.68,0.798
IRN,Asia,Iran,2020-06-21,204952.0,2368.0,2503.571,9623.0,116.0,112.286,2440.109,28.193,29.807,114.569,1.381,1.337,0.98,,,,,,,,,26732.0,1422407.0,16.935,0.318,25476.0,0.303,0.098,10.2,tests performed,,,,,,41.67,83992953.0,49.831,32.4,5.44,3.182,19082.62,0.2,270.308,9.59,0.8,21.1,,1.5,76.68,0.798
IRN,Asia,Iran,2020-06-22,207525.0,2573.0,2521.286,9742.0,119.0,113.143,2470.743,30.634,30.018,115.986,1.417,1.347,1.02,,,,,,,,,27013.0,1449420.0,17.256,0.322,25747.0,0.307,0.098,10.2,tests performed,,,,,,41.67,83992953.0,49.831,32.4,5.44,3.182,19082.62,0.2,270.308,9.59,0.8,21.1,,1.5,76.68,0.798
IRN,Asia,Iran,2020-06-23,209970.0,2445.0,2504.429,9863.0,121.0,114.0,2499.853,29.11,29.817,117.427,1.441,1.357,1.01,,,,,,,,,25911.0,1475331.0,17.565,0.308,25960.0,0.309,0.096,10.4,tests performed,,,,,,41.67,83992953.0,49.831,32.4,5.44,3.182,19082.62,0.2,270.308,9.59,0.8,21.1,,1.5,76.68,0.798
IRN,Asia,Iran,2020-06-24,212501.0,2531.0,2492.857,9996.0,133.0,115.857,2529.986,30.133,29.679,119.01,1.583,1.379,1.02,,,,,,,,,27194.0,1502525.0,17.889,0.324,26086.0,0.311,0.096,10.5,tests performed,,,,,,41.67,83992953.0,49.831,32.4,5.44,3.182,19082.62,0.2,270.308,9.59,0.8,21.1,,1.5,76.68,0.798
IRN,Asia,Iran,2020-06-25,215096.0,2595.0,2492.714,10130.0,134.0,122.571,2560.882,30.895,29.678,120.605,1.595,1.459,1.04,,,,,,,,,27912.0,1530437.0,18.221,0.332,26548.0,0.316,0.094,10.7,tests performed,,,,,,41.67,83992953.0,49.831,32.4,5.44,3.182,19082.62,0.2,270.308,9.59,0.8,21.1,,1.5,76.68,0.798
IRN,Asia,Iran,2020-06-26,217724.0,2628.0,2494.571,10239.0,109.0,121.0,2592.17,31.288,29.7,121.903,1.298,1.441,1.04,,,,,,,,,27435.0,1557872.0,18.548,0.327,26736.0,0.318,0.093,10.7,tests performed,,,,,,41.67,83992953.0,49.831,32.4,5.44,3.182,19082.62,0.2,270.308,9.59,0.8,21.1,,1.5,76.68,0.798
IRN,Asia,Iran,2020-06-27,220180.0,2456.0,2513.714,10364.0,125.0,122.429,2621.41,29.241,29.928,123.391,1.488,1.458,1.0,,,,,,,,,25670.0,1583542.0,18.853,0.306,26838.0,0.32,0.094,10.7,tests performed,,,,,,41.67,83992953.0,49.831,32.4,5.44,3.182,19082.62,0.2,270.308,9.59,0.8,21.1,,1.5,76.68,0.798
IRN,Asia,Iran,2020-06-28,222669.0,2489.0,2531.0,10508.0,144.0,126.429,2651.044,29.633,30.133,125.106,1.714,1.505,1.0,,,,,,,,,27327.0,1610869.0,19.179,0.325,26923.0,0.321,0.094,10.6,tests performed,,,,,,41.67,83992953.0,49.831,32.4,5.44,3.182,19082.62,0.2,270.308,9.59,0.8,21.1,,1.5,76.68,0.798
IRN,Asia,Iran,2020-06-29,225205.0,2536.0,2525.714,10670.0,162.0,132.571,2681.237,30.193,30.071,127.034,1.929,1.578,1.0,,,,,,,,,28209.0,1639078.0,19.514,0.336,27094.0,0.323,0.093,10.7,tests performed,,,,,,41.67,83992953.0,49.831,32.4,5.44,3.182,19082.62,0.2,270.308,9.59,0.8,21.1,,1.5,76.68,0.798
IRN,Asia,Iran,2020-06-30,227662.0,2457.0,2527.429,10817.0,147.0,136.286,2710.489,29.252,30.091,128.785,1.75,1.623,1.0,,,,,,,,,,,,,27261.0,0.325,0.093,10.8,tests performed,,,,,,41.67,83992953.0,49.831,32.4,5.44,3.182,19082.62,0.2,270.308,9.59,0.8,21.1,,1.5,76.68,0.798
IRN,Asia,Iran,2020-07-01,230211.0,2549.0,2530.0,10958.0,141.0,137.429,2740.837,30.348,30.122,130.463,1.679,1.636,1.02,,,,,,,,,,1693242.0,20.159,,27245.0,0.324,0.093,10.8,tests performed,,,,,,41.67,83992953.0,49.831,32.4,5.44,3.182,19082.62,0.2,270.308,9.59,0.8,21.1,,1.5,76.68,0.798
IRN,Asia,Iran,2020-07-02,232863.0,2652.0,2538.143,11106.0,148.0,139.429,2772.411,31.574,30.219,132.225,1.762,1.66,1.04,,,,,,,,,,,,,26952.0,0.321,0.094,10.6,tests performed,,,,,,41.67,83992953.0,49.831,32.4,5.44,3.182,19082.62,0.2,270.308,9.59,0.8,21.1,,1.5,76.68,0.798
IRN,Asia,Iran,2020-07-03,235429.0,2566.0,2529.286,11260.0,154.0,145.857,2802.961,30.55,30.113,134.059,1.833,1.737,1.01,,,,,,,,,,1744958.0,20.775,,26727.0,0.318,0.095,10.6,tests performed,,,,,,41.67,83992953.0,49.831,32.4,5.44,3.182,19082.62,0.2,270.308,9.59,0.8,21.1,,1.5,76.68,0.798
IRN,Asia,Iran,2020-07-04,237878.0,2449.0,2528.286,11408.0,148.0,149.143,2832.119,29.157,30.101,135.821,1.762,1.776,0.99,,,,,,,,,24562.0,1769520.0,21.067,0.292,26568.0,0.316,0.095,10.5,tests performed,,,,,,41.67,83992953.0,49.831,32.4,5.44,3.182,19082.62,0.2,270.308,9.59,0.8,21.1,,1.5,76.68,0.798
IRN,Asia,Iran,2020-07-05,240438.0,2560.0,2538.429,11571.0,163.0,151.857,2862.597,30.479,30.222,137.762,1.941,1.808,1.01,,,,,,,,,25207.0,1794727.0,21.368,0.3,26265.0,0.313,0.097,10.3,tests performed,,,,,,41.67,83992953.0,49.831,32.4,5.44,3.182,19082.62,0.2,270.308,9.59,0.8,21.1,,1.5,76.68,0.798
IRN,Asia,Iran,2020-07-06,243051.0,2613.0,2549.429,11731.0,160.0,151.571,2893.707,31.11,30.353,139.666,1.905,1.805,1.03,,,,,,,,,25276.0,1820003.0,21.669,0.301,25846.0,0.308,0.099,10.1,tests performed,,,,,,41.67,83992953.0,49.831,32.4,5.44,3.182,19082.62,0.2,270.308,9.59,0.8,21.1,,1.5,76.68,0.798
IRN,Asia,Iran,2020-07-07,245688.0,2637.0,2575.143,11931.0,200.0,159.143,2925.103,31.395,30.659,142.048,2.381,1.895,1.03,,,,,,,,,26790.0,1846793.0,21.987,0.319,25805.0,0.307,0.1,10.0,tests performed,,,,,,41.67,83992953.0,49.831,32.4,5.44,3.182,19082.62,0.2,270.308,9.59,0.8,21.1,,1.5,76.68,0.798
IRN,Asia,Iran,2020-07-08,248379.0,2691.0,2595.429,12084.0,153.0,160.857,2957.141,32.038,30.901,143.869,1.822,1.915,1.0,,,,,,,,,25598.0,1872391.0,22.292,0.305,25593.0,0.305,0.101,9.9,tests performed,,,,,,41.67,83992953.0,49.831,32.4,5.44,3.182,19082.62,0.2,270.308,9.59,0.8,21.1,,1.5,76.68,0.798
IRN,Asia,Iran,2020-07-09,250458.0,2079.0,2513.571,12305.0,221.0,171.286,2981.893,24.752,29.926,146.5,2.631,2.039,0.88,,,,,,,,,25412.0,1897803.0,22.595,0.303,25529.0,0.304,0.098,10.2,tests performed,,,,,,41.67,83992953.0,49.831,32.4,5.44,3.182,19082.62,0.2,270.308,9.59,0.8,21.1,,1.5,76.68,0.798
IRN,Asia,Iran,2020-07-10,252720.0,2262.0,2470.143,12447.0,142.0,169.571,3008.824,26.931,29.409,148.191,1.691,2.019,0.91,,,,,,,,,24698.0,1922501.0,22.889,0.294,25363.0,0.302,0.097,10.3,tests performed,,,,,,41.67,83992953.0,49.831,32.4,5.44,3.182,19082.62,0.2,270.308,9.59,0.8,21.1,,1.5,76.68,0.798
IRN,Asia,Iran,2020-07-11,255117.0,2397.0,2462.714,12635.0,188.0,175.286,3037.362,28.538,29.32,150.429,2.238,2.087,0.94,,,,,,,,,24613.0,1947114.0,23.182,0.293,25371.0,0.302,0.097,10.3,tests performed,,,,,,52.31,83992953.0,49.831,32.4,5.44,3.182,19082.62,0.2,270.308,9.59,0.8,21.1,,1.5,76.68,0.798
IRN,Asia,Iran,2020-07-12,257303.0,2186.0,2409.286,12829.0,194.0,179.714,3063.388,26.026,28.684,152.739,2.31,2.14,0.92,,,,,,,,,25093.0,1972207.0,23.481,0.299,25354.0,0.302,0.095,10.5,tests performed,,,,,,52.31,83992953.0,49.831,32.4,5.44,3.182,19082.62,0.2,270.308,9.59,0.8,21.1,,1.5,76.68,0.798
IRN,Asia,Iran,2020-07-13,259652.0,2349.0,2371.571,13032.0,203.0,185.857,3091.355,27.967,28.235,155.156,2.417,2.213,0.97,,,,,,,,,25760.0,1997967.0,23.787,0.307,25423.0,0.303,0.093,10.7,tests performed,,,,,,58.8,83992953.0,49.831,32.4,5.44,3.182,19082.62,0.2,270.308,9.59,0.8,21.1,,1.5,76.68,0.798
IRN,Asia,Iran,2020-07-14,262173.0,2521.0,2355.0,13211.0,179.0,182.857,3121.369,30.014,28.038,157.287,2.131,2.177,1.02,,,,,,,,,25112.0,2023079.0,24.086,0.299,25184.0,0.3,0.094,10.7,tests performed,,,,,,58.8,83992953.0,49.831,32.4,5.44,3.182,19082.62,0.2,270.308,9.59,0.8,21.1,,1.5,76.68,0.798
IRN,Asia,Iran,2020-07-15,264561.0,2388.0,2311.714,13410.0,199.0,189.429,3149.8,28.431,27.523,159.656,2.369,2.255,1.0,,,,,,,,,24970.0,2048049.0,24.384,0.297,25094.0,0.299,0.092,10.9,tests performed,,,,,,58.8,83992953.0,49.831,32.4,5.44,3.182,19082.62,0.2,270.308,9.59,0.8,21.1,,1.5,76.68,0.798
IRN,Asia,Iran,2020-07-16,267061.0,2500.0,2371.857,13608.0,198.0,186.143,3179.564,29.764,28.239,162.014,2.357,2.216,1.01,,,,,,,,,25742.0,2073791.0,24.69,0.306,25141.0,0.299,0.094,10.6,tests performed,,,,,,58.8,83992953.0,49.831,32.4,5.44,3.182,19082.62,0.2,270.308,9.59,0.8,21.1,,1.5,76.68,0.798
IRN,Asia,Iran,2020-07-17,269440.0,2379.0,2388.571,13791.0,183.0,192.0,3207.888,28.324,28.438,164.192,2.179,2.286,0.97,,,,,,,,,25194.0,2098985.0,24.99,0.3,25212.0,0.3,0.095,10.6,tests performed,,,,,,58.8,83992953.0,49.831,32.4,5.44,3.182,19082.62,0.2,270.308,9.59,0.8,21.1,,1.5,76.68,0.798
IRN,Asia,Iran,2020-07-18,271606.0,2166.0,2355.571,13979.0,188.0,192.0,3233.676,25.788,28.045,166.431,2.238,2.286,0.93,,,,,,,,,24533.0,2123518.0,25.282,0.292,25201.0,0.3,0.093,10.7,tests performed,,,,,,58.8,83992953.0,49.831,32.4,5.44,3.182,19082.62,0.2,270.308,9.59,0.8,21.1,,1.5,76.68,0.798
IRN,Asia,Iran,2020-07-19,273788.0,2182.0,2355.0,14188.0,209.0,194.143,3259.654,25.978,28.038,168.919,2.488,2.311,0.94,,,,,,,,,25481.0,2148999.0,25.585,0.303,25256.0,0.301,0.093,10.7,tests performed,,,,,,58.8,83992953.0,49.831,32.4,5.44,3.182,19082.62,0.2,270.308,9.59,0.8,21.1,,1.5,76.68,0.798
IRN,Asia,Iran,2020-07-20,276202.0,2414.0,2364.286,14405.0,217.0,196.143,3288.395,28.741,28.149,171.502,2.584,2.335,1.02,,,,,,,,,26218.0,2175217.0,25.898,0.312,25321.0,0.301,0.093,10.7,tests performed,,,,,,58.8,83992953.0,49.831,32.4,5.44,3.182,19082.62,0.2,270.308,9.59,0.8,21.1,,1.5,76.68,0.798
IRN,Asia,Iran,2020-07-21,278827.0,2625.0,2379.143,14634.0,229.0,203.286,3319.648,31.253,28.326,174.229,2.726,2.42,1.08,,,,,,,,,26741.0,2201958.0,26.216,0.318,25554.0,0.304,0.093,10.7,tests performed,,,,,,58.8,83992953.0,49.831,32.4,5.44,3.182,19082.62,0.2,270.308,9.59,0.8,21.1,,1.5,76.68,0.798
IRN,Asia,Iran,2020-07-22,281413.0,2586.0,2407.429,14853.0,219.0,206.143,3350.436,30.788,28.662,176.836,2.607,2.454,1.07,,,,,,,,,26319.0,2228277.0,26.529,0.313,25747.0,0.307,0.094,10.7,tests performed,,,,,,58.8,83992953.0,49.831,32.4,5.44,3.182,19082.62,0.2,270.308,9.59,0.8,21.1,,1.5,76.68,0.798
IRN,Asia,Iran,2020-07-23,284034.0,2621.0,2424.714,15074.0,221.0,209.429,3381.641,31.205,28.868,179.467,2.631,2.493,1.06,,,,,,,,,25846.0,2254123.0,26.837,0.308,25762.0,0.307,0.094,10.6,tests performed,,,,,,58.8,83992953.0,49.831,32.4,5.44,3.182,19082.62,0.2,270.308,9.59,0.8,21.1,,1.5,76.68,0.798
IRN,Asia,Iran,2020-07-24,286523.0,2489.0,2440.429,15289.0,215.0,214.0,3411.274,29.633,29.055,182.027,2.56,2.548,1.01,,,,,,,,,24261.0,2278384.0,27.126,0.289,25628.0,0.305,0.095,10.5,tests performed,,,,,,58.8,83992953.0,49.831,32.4,5.44,3.182,19082.62,0.2,270.308,9.59,0.8,21.1,,1.5,76.68,0.798
IRN,Asia,Iran,2020-07-25,288839.0,2316.0,2461.857,15484.0,195.0,215.0,3438.848,27.574,29.31,184.349,2.322,2.56,0.97,,,,,,,,,,,,,25757.0,0.307,0.096,10.5,tests performed,,,,,,58.8,83992953.0,49.831,32.4,5.44,3.182,19082.62,0.2,270.308,9.59,0.8,21.1,,1.5,76.68,0.798
IRN,Asia,Iran,2020-07-26,291172.0,2333.0,2483.429,15700.0,216.0,216.0,3466.624,27.776,29.567,186.92,2.572,2.572,0.97,,,,,,,,,,,,,25751.0,0.307,0.096,10.4,tests performed,,,,,,58.8,83992953.0,49.831,32.4,5.44,3.182,19082.62,0.2,270.308,9.59,0.8,21.1,,1.5,76.68,0.798
IRN,Asia,Iran,2020-07-27,293606.0,2434.0,2486.286,15912.0,212.0,215.286,3495.603,28.979,29.601,189.444,2.524,2.563,1.01,,,,,,,,,,,,,25639.0,0.305,0.097,10.3,tests performed,,,,,,58.8,83992953.0,49.831,32.4,5.44,3.182,19082.62,0.2,270.308,9.59,0.8,21.1,,1.5,76.68,0.798
IRN,Asia,Iran,2020-07-28,296273.0,2667.0,2492.286,16147.0,235.0,216.143,3527.355,31.753,29.673,192.242,2.798,2.573,1.07,,,,,,,,,,2380122.0,28.337,,25452.0,0.303,0.098,10.2,tests performed,,,,,,58.8,83992953.0,49.831,32.4,5.44,3.182,19082.62,0.2,270.308,9.59,0.8,21.1,,1.5,76.68,0.798
IRN,Asia,Iran,2020-07-29,298909.0,2636.0,2499.429,16343.0,196.0,212.857,3558.739,31.384,29.758,194.576,2.334,2.534,1.07,,,,,,,,,25740.0,2405862.0,28.644,0.306,25369.0,0.302,0.099,10.1,tests performed,,,,,,58.8,83992953.0,49.831,32.4,5.44,3.182,19082.62,0.2,270.308,9.59,0.8,21.1,,1.5,76.68,0.798
IRN,Asia,Iran,2020-07-30,301530.0,2621.0,2499.429,16569.0,226.0,213.571,3589.944,31.205,29.758,197.267,2.691,2.543,1.06,,,,,,,,,,,,,25323.0,0.301,0.099,10.1,tests performed,,,,,,58.8,83992953.0,49.831,32.4,5.44,3.182,19082.62,0.2,270.308,9.59,0.8,21.1,,1.5,76.68,0.798
IRN,Asia,Iran,2020-07-31,304204.0,2674.0,2525.857,16766.0,197.0,211.0,3621.78,31.836,30.072,199.612,2.345,2.512,1.05,,,,,,,,,,2456909.0,29.251,,25504.0,0.304,0.099,10.1,tests performed,,,,,,61.57,83992953.0,49.831,32.4,5.44,3.182,19082.62,0.2,270.308,9.59,0.8,21.1,,1.5,76.68,0.798
IRN,Asia,Iran,2020-08-01,306752.0,2548.0,2559.0,16982.0,216.0,214.0,3652.116,30.336,30.467,202.184,2.572,2.548,1.03,,,,,,,,,25644.0,2482553.0,29.557,0.305,25534.0,0.304,0.1,10.0,tests performed,,,,,,61.57,83992953.0,49.831,32.4,5.44,3.182,19082.62,0.2,270.308,9.59,0.8,21.1,,1.5,76.68,0.798
IRN,Asia,Iran,2020-08-02,309437.0,2685.0,2609.286,17190.0,208.0,212.857,3684.083,31.967,31.066,204.66,2.476,2.534,1.05,,,,,,,,,25865.0,2508418.0,29.865,0.308,25595.0,0.305,0.102,9.8,tests performed,,,,,,61.57,83992953.0,49.831,32.4,5.44,3.182,19082.62,0.2,270.308,9.59,0.8,21.1,,1.5,76.68,0.798
IRN,Asia,Iran,2020-08-03,312035.0,2598.0,2632.714,17405.0,215.0,213.286,3715.014,30.931,31.344,207.22,2.56,2.539,1.03,,,,,,,,,26240.0,2534658.0,30.177,0.312,25710.0,0.306,0.102,9.8,tests performed,,,,,,61.57,83992953.0,49.831,32.4,5.44,3.182,19082.62,0.2,270.308,9.59,0.8,21.1,,1.5,76.68,0.798
IRN,Asia,Iran,2020-08-04,314786.0,2751.0,2644.714,17617.0,212.0,210.0,3747.767,32.753,31.487,209.744,2.524,2.5,1.05,,,,,,,,,25716.0,2560374.0,30.483,0.306,25750.0,0.307,0.103,9.7,tests performed,,,,,,60.19,83992953.0,49.831,32.4,5.44,3.182,19082.62,0.2,270.308,9.59,0.8,21.1,,1.5,76.68,0.798
IRN,Asia,Iran,2020-08-05,317483.0,2697.0,2653.429,17802.0,185.0,208.429,3779.877,32.11,31.591,211.946,2.203,2.482,1.03,,,,,,,,,26709.0,2587083.0,30.801,0.318,25889.0,0.308,0.102,9.8,tests performed,,,,,,60.19,83992953.0,49.831,32.4,5.44,3.182,19082.62,0.2,270.308,9.59,0.8,21.1,,1.5,76.68,0.798
IRN,Asia,Iran,2020-08-06,320117.0,2634.0,2655.286,17976.0,174.0,201.0,3811.236,31.36,31.613,214.018,2.072,2.393,1.0,,,,,,,,,,,,,25849.0,0.308,0.103,9.7,tests performed,,,,,,60.19,83992953.0,49.831,32.4,5.44,3.182,19082.62,0.2,270.308,9.59,0.8,21.1,,1.5,76.68,0.798
IRN,Asia,Iran,2020-08-07,322567.0,2450.0,2623.286,18132.0,156.0,195.143,3840.406,29.169,31.232,215.875,1.857,2.323,0.93,,,,,,,,,,2637575.0,31.402,,25809.0,0.307,0.102,9.8,tests performed,,,,,,60.19,83992953.0,49.831,32.4,5.44,3.182,19082.62,0.2,270.308,9.59,0.8,21.1,,1.5,76.68,0.798
IRN,Asia,Iran,2020-08-08,324692.0,2125.0,2562.857,18264.0,132.0,183.143,3865.705,25.3,30.513,217.447,1.572,2.18,0.85,,,,,,,,,24390.0,2661965.0,31.693,0.29,25630.0,0.305,0.1,10.0,tests performed,,,,,,60.19,83992953.0,49.831,32.4,5.44,3.182,19082.62,0.2,270.308,9.59,0.8,21.1,,1.5,76.68,0.798
IRN,Asia,Iran,2020-08-09,326712.0,2020.0,2467.857,18427.0,163.0,176.714,3889.755,24.05,29.382,219.387,1.941,2.104,0.84,,,,,,,,,24533.0,2686498.0,31.985,0.292,25440.0,0.303,0.097,10.3,tests performed,,,,,,60.19,83992953.0,49.831,32.4,5.44,3.182,19082.62,0.2,270.308,9.59,0.8,21.1,,1.5,76.68,0.798
IRN,Asia,Iran,2020-08-10,328844.0,2132.0,2401.286,18616.0,189.0,173.0,3915.138,25.383,28.589,221.638,2.25,2.06,0.89,,,,,,,,,25319.0,2711817.0,32.286,0.301,25308.0,0.301,0.095,10.5,tests performed,,,,,,60.19,83992953.0,49.831,32.4,5.44,3.182,19082.62,0.2,270.308,9.59,0.8,21.1,,1.5,76.68,0.798
IRN,Asia,Iran,2020-08-11,331189.0,2345.0,2343.286,18800.0,184.0,169.0,3943.057,27.919,27.899,223.828,2.191,2.012,0.97,,,,,,,,,24697.0,2736514.0,32.58,0.294,25163.0,0.3,0.093,10.7,tests performed,,,,,,60.19,83992953.0,49.831,32.4,5.44,3.182,19082.62,0.2,270.308,9.59,0.8,21.1,,1.5,76.68,0.798
IRN,Asia,Iran,2020-08-12,333699.0,2510.0,2316.571,18988.0,188.0,169.429,3972.94,29.883,27.581,226.067,2.238,2.017,1.03,,,,,,,,,26711.0,2763225.0,32.898,0.318,25163.0,0.3,0.092,10.9,tests performed,,,,,,60.19,83992953.0,49.831,32.4,5.44,3.182,19082.62,0.2,270.308,9.59,0.8,21.1,,1.5,76.68,0.798
IRN,Asia,Iran,2020-08-13,336324.0,2625.0,2315.286,19162.0,174.0,169.429,4004.193,31.253,27.565,228.138,2.072,2.017,1.05,,,,,,,,,,,,,25075.0,0.299,0.092,10.8,tests performed,,,,,,60.19,83992953.0,49.831,32.4,5.44,3.182,19082.62,0.2,270.308,9.59,0.8,21.1,,1.5,76.68,0.798
IRN,Asia,Iran,2020-08-14,338825.0,2501.0,2322.571,19331.0,169.0,171.286,4033.969,29.776,27.652,230.15,2.012,2.039,1.01,,,,,,,,,,2812488.0,33.485,,24988.0,0.298,0.093,10.8,tests performed,,,,,,60.19,83992953.0,49.831,32.4,5.44,3.182,19082.62,0.2,270.308,9.59,0.8,21.1,,1.5,76.68,0.798
IRN,Asia,Iran,2020-08-15,341070.0,2245.0,2339.714,19492.0,161.0,175.429,4060.698,26.728,27.856,232.067,1.917,2.089,0.94,,,,,,,,,23764.0,2836252.0,33.768,0.283,24898.0,0.296,0.094,10.6,tests performed,,,,,,60.19,83992953.0,49.831,32.4,5.44,3.182,19082.62,0.2,270.308,9.59,0.8,21.1,,1.5,76.68,0.798
IRN,Asia,Iran,2020-08-16,343203.0,2133.0,2355.857,19639.0,147.0,173.143,4086.093,25.395,28.048,233.817,1.75,2.061,0.91,,,,,,,,,25573.0,2861825.0,34.072,0.304,25047.0,0.298,0.094,10.6,tests performed,,,,,,60.19,83992953.0,49.831,32.4,5.44,3.182,19082.62,0.2,270.308,9.59,0.8,21.1,,1.5,76.68,0.798
IRN,Asia,Iran,2020-08-17,345450.0,2247.0,2372.286,19804.0,165.0,169.714,4112.845,26.752,28.244,235.782,1.964,2.021,0.95,,,,,,,,,26113.0,2887938.0,34.383,0.311,25160.0,0.3,0.094,10.6,tests performed,,,,,,60.19,83992953.0,49.831,32.4,5.44,3.182,19082.62,0.2,270.308,9.59,0.8,21.1,,1.5,76.68,0.798
IRN,Asia,Iran,2020-08-18,347835.0,2385.0,2378.0,19972.0,168.0,167.429,4141.24,28.395,28.312,237.782,2.0,1.993,0.99,,,,,,,,,26111.0,2914049.0,34.694,0.311,25362.0,0.302,0.094,10.7,tests performed,,,,,,60.19,83992953.0,49.831,32.4,5.44,3.182,19082.62,0.2,270.308,9.59,0.8,21.1,,1.5,76.68,0.798
IRN,Asia,Iran,2020-08-19,350279.0,2444.0,2368.571,20125.0,153.0,162.429,4170.338,29.098,28.2,239.603,1.822,1.934,1.0,,,,,,,,,25791.0,2939840.0,35.001,0.307,25231.0,0.3,0.094,10.7,tests performed,,,,,,60.19,83992953.0,49.831,32.4,5.44,3.182,19082.62,0.2,270.308,9.59,0.8,21.1,,1.5,76.68,0.798
IRN,Asia,Iran,2020-08-20,352558.0,2279.0,2319.143,20264.0,139.0,157.429,4197.471,27.133,27.611,241.258,1.655,1.874,0.96,,,,,,,,,23901.0,2963741.0,35.286,0.285,25126.0,0.299,0.092,10.8,tests performed,,,,,,60.19,83992953.0,49.831,32.4,5.44,3.182,19082.62,0.2,270.308,9.59,0.8,21.1,,1.5,76.68,0.798
IRN,Asia,Iran,2020-08-21,354764.0,2206.0,2277.0,20376.0,112.0,149.286,4223.735,26.264,27.109,242.592,1.333,1.777,0.93,,,,,,,,,,,,,25005.0,0.298,0.091,11.0,tests performed,,,,,,60.19,83992953.0,49.831,32.4,5.44,3.182,19082.62,0.2,270.308,9.59,0.8,21.1,,1.5,76.68,0.798
IRN,Asia,Iran,2020-08-22,356792.0,2028.0,2246.0,20502.0,126.0,144.286,4247.88,24.145,26.74,244.092,1.5,1.718,0.9,,,,,,,,,,3011310.0,35.852,,25008.0,0.298,0.09,11.1,tests performed,,,,,,60.19,83992953.0,49.831,32.4,5.44,3.182,19082.62,0.2,270.308,9.59,0.8,21.1,,1.5,76.68,0.798
IRN,Asia,Iran,2020-08-23,358905.0,2113.0,2243.143,20643.0,141.0,143.429,4273.037,25.157,26.706,245.771,1.679,1.708,0.93,,,,,,,,,25401.0,3036711.0,36.154,0.302,24984.0,0.297,0.09,11.1,tests performed,,,,,,60.19,83992953.0,49.831,32.4,5.44,3.182,19082.62,0.2,270.308,9.59,0.8,21.1,,1.5,76.68,0.798
IRN,Asia,Iran,2020-08-24,361150.0,2245.0,2242.857,20776.0,133.0,138.857,4299.765,26.728,26.703,247.354,1.583,1.653,0.97,,,,,,,,,25711.0,3062422.0,36.46,0.306,24926.0,0.297,0.09,11.1,tests performed,,,,,,60.19,83992953.0,49.831,32.4,5.44,3.182,19082.62,0.2,270.308,9.59,0.8,21.1,,1.5,76.68,0.798
IRN,Asia,Iran,2020-08-25,363363.0,2213.0,2218.286,20901.0,125.0,132.714,4326.113,26.347,26.41,248.842,1.488,1.58,0.98,,,,,,,,,25891.0,3088313.0,36.769,0.308,24895.0,0.296,0.089,11.2,tests performed,,,,,,60.19,83992953.0,49.831,32.4,5.44,3.182,19082.62,0.2,270.308,9.59,0.8,21.1,,1.5,76.68,0.798
IRN,Asia,Iran,2020-08-26,365606.0,2243.0,2189.571,21020.0,119.0,127.857,4352.818,26.705,26.069,250.259,1.417,1.522,0.98,,,,,,,,,25493.0,3113806.0,37.072,0.304,24852.0,0.296,0.088,11.4,tests performed,,,,,,60.19,83992953.0,49.831,32.4,5.44,3.182,19082.62,0.2,270.308,9.59,0.8,21.1,,1.5,76.68,0.798
IRN,Asia,Iran,2020-08-27,367796.0,2190.0,2176.857,21137.0,117.0,124.714,4378.891,26.074,25.917,251.652,1.393,1.485,0.96,,,,,,,,,24976.0,3138782.0,37.37,0.297,25006.0,0.298,0.087,11.5,tests performed,,,,,,60.19,83992953.0,49.831,32.4,5.44,3.182,19082.62,0.2,270.308,9.59,0.8,21.1,,1.5,76.68,0.798
IRN,Asia,Iran,2020-08-28,369911.0,2115.0,2163.857,21249.0,112.0,124.714,4404.072,25.181,25.762,252.986,1.333,1.485,0.93,,,,,,,,,23112.0,3161894.0,37.645,0.275,24910.0,0.297,0.087,11.5,tests performed,,,,,,60.19,83992953.0,49.831,32.4,5.44,3.182,19082.62,0.2,270.308,9.59,0.8,21.1,,1.5,76.68,0.798
IRN,Asia,Iran,2020-08-29,371816.0,1905.0,2146.286,21359.0,110.0,122.429,4426.752,22.68,25.553,254.295,1.31,1.458,0.86,,,,,,,,,,,,,24753.0,0.295,0.087,11.5,tests performed,,,,,,60.19,83992953.0,49.831,32.4,5.44,3.182,19082.62,0.2,270.308,9.59,0.8,21.1,,1.5,76.68,0.798
IRN,Asia,Iran,2020-08-30,373570.0,1754.0,2095.0,21462.0,103.0,117.0,4447.635,20.883,24.943,255.521,1.226,1.393,0.82,,,,,,,,,,3207269.0,38.185,,24365.0,0.29,0.086,11.6,tests performed,,,,,,60.19,83992953.0,49.831,32.4,5.44,3.182,19082.62,0.2,270.308,9.59,0.8,21.1,,1.5,76.68,0.798
IRN,Asia,Iran,2020-08-31,375212.0,1642.0,2008.857,21571.0,109.0,113.571,4467.184,19.549,23.917,256.819,1.298,1.352,0.8,,,,,,,,,23841.0,3231110.0,38.469,0.284,24098.0,0.287,0.083,12.0,tests performed,,,,,,60.19,83992953.0,49.831,32.4,5.44,3.182,19082.62,0.2,270.308,9.59,0.8,21.1,,1.5,76.68,0.798
IRN,Asia,Iran,2020-09-01,376894.0,1682.0,1933.0,21672.0,101.0,110.143,4487.21,20.025,23.014,258.022,1.202,1.311,0.84,,,,,,,,,25012.0,3256122.0,38.767,0.298,23973.0,0.285,0.081,12.4,tests performed,,,,,,60.19,83992953.0,49.831,32.4,5.44,3.182,19082.62,0.2,270.308,9.59,0.8,21.1,,1.5,76.68,0.798
IRN,Asia,Iran,2020-09-02,378752.0,1858.0,1878.0,21797.0,125.0,111.0,4509.331,22.121,22.359,259.51,1.488,1.322,0.92,,,,,,,,,25839.0,3281961.0,39.074,0.308,24022.0,0.286,0.078,12.8,tests performed,,,,,,60.19,83992953.0,49.831,32.4,5.44,3.182,19082.62,0.2,270.308,9.59,0.8,21.1,,1.5,76.68,0.798
IRN,Asia,Iran,2020-09-03,380746.0,1994.0,1850.0,21926.0,129.0,112.714,4533.071,23.74,22.026,261.046,1.536,1.342,0.98,,,,,,,,,25422.0,3307383.0,39.377,0.303,24086.0,0.287,0.077,13.0,tests performed,,,,,,60.19,83992953.0,49.831,32.4,5.44,3.182,19082.62,0.2,270.308,9.59,0.8,21.1,,1.5,76.68,0.798
IRN,Asia,Iran,2020-09-04,382772.0,2026.0,1837.286,22044.0,118.0,113.571,4557.192,24.121,21.874,262.451,1.405,1.352,1.0,,,,,,,,,,,,,24196.0,0.288,0.076,13.2,tests performed,,,,,,60.19,83992953.0,49.831,32.4,5.44,3.182,19082.62,0.2,270.308,9.59,0.8,21.1,,1.5,76.68,0.798
IRN,Asia,Iran,2020-09-05,384666.0,1894.0,1835.714,22154.0,110.0,113.571,4579.741,22.55,21.856,263.76,1.31,1.352,0.98,,,,,,,,,,3355152.0,39.946,,24367.0,0.29,0.075,13.3,tests performed,,,,,,60.19,83992953.0,49.831,32.4,5.44,3.182,19082.62,0.2,270.308,9.59,0.8,21.1,,1.5,76.68,0.798
IRN,Asia,Iran,2020-09-06,386658.0,1992.0,1869.714,22293.0,139.0,118.714,4603.458,23.716,22.26,265.415,1.655,1.413,1.02,,,,,,,,,,,,,24762.0,0.295,0.076,13.2,tests performed,,,,,,60.19,83992953.0,49.831,32.4,5.44,3.182,19082.62,0.2,270.308,9.59,0.8,21.1,,1.5,76.68,0.798
IRN,Asia,Iran,2020-09-07,388810.0,2152.0,1942.571,22410.0,117.0,119.857,4629.079,25.621,23.128,266.808,1.393,1.427,1.08,,,,,,,,,,3406055.0,40.552,,24992.0,0.298,0.078,12.9,tests performed,,,,,,60.19,83992953.0,49.831,32.4,5.44,3.182,19082.62,0.2,270.308,9.59,0.8,21.1,,1.5,76.68,0.798
IRN,Asia,Iran,2020-09-08,391112.0,2302.0,2031.143,22542.0,132.0,124.286,4656.486,27.407,24.182,268.38,1.572,1.48,1.12,,,,,,,,,25591.0,3431646.0,40.856,0.305,25075.0,0.299,0.081,12.3,tests performed,,,,,,60.19,83992953.0,49.831,32.4,5.44,3.182,19082.62,0.2,270.308,9.59,0.8,21.1,,1.5,76.68,0.798
IRN,Asia,Iran,2020-09-09,393425.0,2313.0,2096.143,22669.0,127.0,124.571,4684.024,27.538,24.956,269.892,1.512,1.483,1.11,,,,,,,,,26097.0,3457743.0,41.167,0.311,25112.0,0.299,0.083,12.0,tests performed,,,,,,60.19,83992953.0,49.831,32.4,5.44,3.182,19082.62,0.2,270.308,9.59,0.8,21.1,,1.5,76.68,0.798
IRN,Asia,Iran,2020-09-10,395488.0,2063.0,2106.0,22798.0,129.0,124.571,4708.585,24.562,25.074,271.428,1.536,1.483,1.04,,,,,,,,,,,,,25065.0,0.298,0.084,11.9,tests performed,,,,,,60.19,83992953.0,49.831,32.4,5.44,3.182,19082.62,0.2,270.308,9.59,0.8,21.1,,1.5,76.68,0.798
IRN,Asia,Iran,2020-09-11,397801.0,2313.0,2147.0,22913.0,115.0,124.143,4736.124,27.538,25.562,272.797,1.369,1.478,1.08,,,,,,,,,,3507938.0,41.765,,25239.0,0.3,0.085,11.8,tests performed,,,,,,60.19,83992953.0,49.831,32.4,5.44,3.182,19082.62,0.2,270.308,9.59,0.8,21.1,,1.5,76.68,0.798
IRN,Asia,Iran,2020-09-12,399940.0,2139.0,2182.0,23029.0,116.0,125.0,4761.59,25.466,25.978,274.178,1.381,1.488,1.04,,,,,,,,,24936.0,3532874.0,42.062,0.297,25389.0,0.302,0.086,11.6,tests performed,,,,,,60.19,83992953.0,49.831,32.4,5.44,3.182,19082.62,0.2,270.308,9.59,0.8,21.1,,1.5,76.68,0.798
IRN,Asia,Iran,2020-09-13,402029.0,2089.0,2195.857,23157.0,128.0,123.429,4786.461,24.871,26.143,275.702,1.524,1.47,1.05,,,,,,,,,26691.0,3559565.0,42.379,0.318,25566.0,0.304,0.086,11.6,tests performed,,,,,,60.19,83992953.0,49.831,32.4,5.44,3.182,19082.62,0.2,270.308,9.59,0.8,21.1,,1.5,76.68,0.798
IRN,Asia,Iran,2020-09-14,404648.0,2619.0,2262.571,23313.0,156.0,129.0,4817.642,31.181,26.938,277.559,1.857,1.536,1.19,,,,,,,,,27283.0,3586848.0,42.704,0.325,25828.0,0.308,0.088,11.4,tests performed,,,,,,60.19,83992953.0,49.831,32.4,5.44,3.182,19082.62,0.2,270.308,9.59,0.8,21.1,,1.5,76.68,0.798
IRN,Asia,Iran,2020-09-15,407353.0,2705.0,2320.143,23453.0,140.0,130.143,4849.847,32.205,27.623,279.226,1.667,1.549,1.23,,,,,,,,,,,,,26081.0,0.311,0.089,11.2,tests performed,,,,,,54.63,83992953.0,49.831,32.4,5.44,3.182,19082.62,0.2,270.308,9.59,0.8,21.1,,1.5,76.68,0.798
IRN,Asia,Iran,2020-09-16,410334.0,2981.0,2415.571,23632.0,179.0,137.571,4885.338,35.491,28.759,281.357,2.131,1.638,1.27,,,,,,,,,,3641581.0,43.356,,26263.0,0.313,0.092,10.9,tests performed,,,,,,54.63,83992953.0,49.831,32.4,5.44,3.182,19082.62,0.2,270.308,9.59,0.8,21.1,,1.5,76.68,0.798
IRN,Asia,Iran,2020-09-17,413149.0,2815.0,2523.0,23808.0,176.0,144.286,4918.853,33.515,30.038,283.452,2.095,1.718,1.22,,,,,,,,,,,,,26374.0,0.314,0.096,10.5,tests performed,,,,,,54.63,83992953.0,49.831,32.4,5.44,3.182,19082.62,0.2,270.308,9.59,0.8,21.1,,1.5,76.68,0.798
IRN,Asia,Iran,2020-09-18,416198.0,3049.0,2628.143,23952.0,144.0,148.429,4955.154,36.301,31.29,285.167,1.714,1.767,1.23,,,,,,,,,,,,,26485.0,0.315,0.099,10.1,tests performed,,,,,,54.63,83992953.0,49.831,32.4,5.44,3.182,19082.62,0.2,270.308,9.59,0.8,21.1,,1.5,76.68,0.798
IRN,Asia,Iran,2020-09-19,419043.0,2845.0,2729.0,24118.0,166.0,155.571,4989.026,33.872,32.491,287.143,1.976,1.852,1.18,,,,,,,,,,3719210.0,44.28,,26619.0,0.317,0.103,9.8,tests performed,,,,,,54.63,83992953.0,49.831,32.4,5.44,3.182,19082.62,0.2,270.308,9.59,0.8,21.1,,1.5,76.68,0.798
IRN,Asia,Iran,2020-09-20,422140.0,3097.0,2873.0,24301.0,183.0,163.429,5025.898,36.872,34.205,289.322,2.179,1.946,1.22,,,,,,,,,,,,,26670.0,0.318,0.108,9.3,tests performed,,,,,,54.63,83992953.0,49.831,32.4,5.44,3.182,19082.62,0.2,270.308,9.59,0.8,21.1,,1.5,76.68,0.798
IRN,Asia,Iran,2020-09-21,425481.0,3341.0,2976.143,24478.0,177.0,166.429,5065.675,39.777,35.433,291.429,2.107,1.981,1.26,,,,,,,,,,3773300.0,44.924,,26636.0,0.317,0.112,8.9,tests performed,,,,,,54.63,83992953.0,49.831,32.4,5.44,3.182,19082.62,0.2,270.308,9.59,0.8,21.1,,1.5,76.68,0.798
IRN,Asia,Iran,2020-09-22,429193.0,3712.0,3120.0,24656.0,178.0,171.857,5109.869,44.194,37.146,293.548,2.119,2.046,1.3,,,,,,,,,27319.0,3800619.0,45.249,0.325,26629.0,0.317,0.117,8.5,tests performed,,,,,,54.63,83992953.0,49.831,32.4,5.44,3.182,19082.62,0.2,270.308,9.59,0.8,21.1,,1.5,76.68,0.798
IRN,Asia,Iran,2020-09-23,432798.0,3605.0,3209.143,24840.0,184.0,172.571,5152.789,42.92,38.207,295.739,2.191,2.055,1.25,,,,,,,,,27711.0,3828330.0,45.579,0.33,26678.0,0.318,0.12,8.3,tests performed,,,,,,54.63,83992953.0,49.831,32.4,5.44,3.182,19082.62,0.2,270.308,9.59,0.8,21.1,,1.5,76.68,0.798
IRN,Asia,Iran,2020-09-24,436319.0,3521.0,3310.0,25015.0,175.0,172.429,5194.71,41.92,39.408,297.823,2.084,2.053,1.19,,,,,,,,,,,,,25425.0,0.303,0.13,7.7,tests performed,,,,,,54.63,83992953.0,49.831,32.4,5.44,3.182,19082.62,0.2,270.308,9.59,0.8,21.1,,1.5,76.68,0.798
IRN,Asia,Iran,2020-09-25,439882.0,3563.0,3383.429,25222.0,207.0,181.429,5237.13,42.42,40.282,300.287,2.464,2.16,1.15,,,,,,,,,,,,,24172.0,0.288,0.14,7.1,tests performed,,,,,,54.63,83992953.0,49.831,32.4,5.44,3.182,19082.62,0.2,270.308,9.59,0.8,21.1,,1.5,76.68,0.798
IRN,Asia,Iran,2020-09-26,443086.0,3204.0,3434.714,25394.0,172.0,182.286,5275.276,38.146,40.893,302.335,2.048,2.17,1.07,,,,,,,,,,3879640.0,46.19,,22919.0,0.273,0.15,6.7,tests performed,,,,,,54.63,83992953.0,49.831,32.4,5.44,3.182,19082.62,0.2,270.308,9.59,0.8,21.1,,1.5,76.68,0.798
IRN,Asia,Iran,2020-09-27,446448.0,3362.0,3472.571,25589.0,195.0,184.0,5315.303,40.027,41.344,304.657,2.322,2.191,1.08,,,,,,,,,,,,,24780.0,0.295,0.14,7.1,tests performed,,,,,,54.63,83992953.0,49.831,32.4,5.44,3.182,19082.62,0.2,270.308,9.59,0.8,21.1,,1.5,76.68,0.798
IRN,Asia,Iran,2020-09-28,449960.0,3512.0,3497.0,25779.0,190.0,185.857,5357.116,41.813,41.634,306.919,2.262,2.213,1.1,,,,,,,,,,3959783.0,47.144,,26640.0,0.317,0.131,7.6,tests performed,,,,,,54.63,83992953.0,49.831,32.4,5.44,3.182,19082.62,0.2,270.308,9.59,0.8,21.1,,1.5,76.68,0.798
IRN,Asia,Iran,2020-09-29,453637.0,3677.0,3492.0,25986.0,207.0,190.0,5400.894,43.777,41.575,309.383,2.464,2.262,1.12,,,,,,,,,26937.0,3986720.0,47.465,0.321,26586.0,0.317,0.131,7.6,tests performed,,,,,,54.63,83992953.0,49.831,32.4,5.44,3.182,19082.62,0.2,270.308,9.59,0.8,21.1,,1.5,76.68,0.798
IRN,Asia,Iran,2020-09-30,457219.0,3582.0,3488.714,26169.0,183.0,189.857,5443.54,42.646,41.536,311.562,2.179,2.26,1.1,,,,,,,,,28101.0,4014821.0,47.799,0.335,26642.0,0.317,0.131,7.6,tests performed,,,,,,54.63,83992953.0,49.831,32.4,5.44,3.182,19082.62,0.2,270.308,9.59,0.8,21.1,,1.5,76.68,0.798
IRN,Asia,Iran,2020-10-01,461044.0,3825.0,3532.143,26380.0,211.0,195.0,5489.08,45.54,42.053,314.074,2.512,2.322,1.12,,,,,,,,,,,,,27987.0,0.333,0.126,7.9,tests performed,,,,,,54.63,83992953.0,49.831,32.4,5.44,3.182,19082.62,0.2,270.308,9.59,0.8,21.1,,1.5,76.68,0.798
IRN,Asia,Iran,2020-10-02,464596.0,3552.0,3530.571,26567.0,187.0,192.143,5531.369,42.289,42.034,316.3,2.226,2.288,1.06,,,,,,,,,,4067861.0,48.431,,29332.0,0.349,0.12,8.3,tests performed,,,,,,54.63,83992953.0,49.831,32.4,5.44,3.182,19082.62,0.2,270.308,9.59,0.8,21.1,,1.5,76.68,0.798
IRN,Asia,Iran,2020-10-03,468119.0,3523.0,3576.143,26746.0,179.0,193.143,5573.313,41.944,42.577,318.431,2.131,2.3,1.05,,,,,,,,,,,,,28588.0,0.34,0.125,8.0,tests performed,,,,,,57.41,83992953.0,49.831,32.4,5.44,3.182,19082.62,0.2,270.308,9.59,0.8,21.1,,1.5,76.68,0.798
IRN,Asia,Iran,2020-10-04,471772.0,3653.0,3617.714,26957.0,211.0,195.429,5616.805,43.492,43.072,320.944,2.512,2.327,1.07,,,,,,,,,,,,,24563.0,0.292,0.147,6.8,tests performed,,,,,,57.41,83992953.0,49.831,32.4,5.44,3.182,19082.62,0.2,270.308,9.59,0.8,21.1,,1.5,76.68,0.798
IRN,Asia,Iran,2020-10-05,475674.0,3902.0,3673.429,27192.0,235.0,201.857,5663.261,46.456,43.735,323.741,2.798,2.403,1.12,,,,,,,,,,,,,20538.0,0.245,0.179,5.6,tests performed,,,,,,57.41,83992953.0,49.831,32.4,5.44,3.182,19082.62,0.2,270.308,9.59,0.8,21.1,,1.5,76.68,0.798
IRN,Asia,Iran,2020-10-06,479825.0,4151.0,3741.143,27419.0,227.0,204.714,5712.682,49.421,44.541,326.444,2.703,2.437,1.15,,,,,,,,,,4115445.0,48.998,,18389.0,0.219,0.203,4.9,tests performed,,,,,,69.44,83992953.0,49.831,32.4,5.44,3.182,19082.62,0.2,270.308,9.59,0.8,21.1,,1.5,76.68,0.798
IRN,Asia,Iran,2020-10-07,483844.0,4019.0,3803.571,27658.0,239.0,212.714,5760.531,47.849,45.284,329.29,2.845,2.533,1.13,,,,,,,,,92186.0,4207631.0,50.095,1.098,27544.0,0.328,0.138,7.2,tests performed,,,,,,69.44,83992953.0,49.831,32.4,5.44,3.182,19082.62,0.2,270.308,9.59,0.8,21.1,,1.5,76.68,0.798
IRN,Asia,Iran,2020-10-08,488236.0,4392.0,3884.571,27888.0,230.0,215.429,5812.821,52.29,46.249,332.028,2.738,2.565,1.15,,,,,,,,,,,,,27502.0,0.327,0.141,7.1,tests performed,,,,,,69.44,83992953.0,49.831,32.4,5.44,3.182,19082.62,0.2,270.308,9.59,0.8,21.1,,1.5,76.68,0.798
IRN,Asia,Iran,2020-10-09,492378.0,4142.0,3968.857,28098.0,210.0,218.714,5862.135,49.314,47.252,334.528,2.5,2.604,1.1,,,,,,,,,,,,,27459.0,0.327,0.145,6.9,tests performed,,,,,,69.44,83992953.0,49.831,32.4,5.44,3.182,19082.62,0.2,270.308,9.59,0.8,21.1,,1.5,76.68,0.798
IRN,Asia,Iran,2020-10-10,496253.0,3875.0,4019.143,28293.0,195.0,221.0,5908.269,46.135,47.851,336.85,2.322,2.631,1.04,,,,,,,,,,,,,29505.0,0.351,0.136,7.3,tests performed,,,,,,69.44,83992953.0,49.831,32.4,5.44,3.182,19082.62,0.2,270.308,9.59,0.8,21.1,,1.5,76.68,0.798
IRN,Asia,Iran,2020-10-11,500075.0,3822.0,4043.286,28544.0,251.0,226.714,5953.773,45.504,48.138,339.838,2.988,2.699,1.03,,,,,,,,,,4312514.0,51.344,,31552.0,0.376,0.128,7.8,tests performed,,,,,,69.44,83992953.0,49.831,32.4,5.44,3.182,19082.62,0.2,270.308,9.59,0.8,21.1,,1.5,76.68,0.798
IRN,Asia,Iran,2020-10-12,504281.0,4206.0,4086.714,28816.0,272.0,232.0,6003.849,50.076,48.655,343.076,3.238,2.762,1.08,,,,,,,,,28317.0,4340831.0,51.681,0.337,33897.0,0.404,0.121,8.3,tests performed,,,,,,69.44,83992953.0,49.831,32.4,5.44,3.182,19082.62,0.2,270.308,9.59,0.8,21.1,,1.5,76.68,0.798
IRN,Asia,Iran,2020-10-13,508389.0,4108.0,4080.571,29070.0,254.0,235.857,6052.758,48.909,48.582,346.1,3.024,2.808,1.09,,,,,,,,,28791.0,4369622.0,52.024,0.343,36311.0,0.432,0.112,8.9,tests performed,,,,,,69.44,83992953.0,49.831,32.4,5.44,3.182,19082.62,0.2,270.308,9.59,0.8,21.1,,1.5,76.68,0.798
IRN,Asia,Iran,2020-10-14,513219.0,4830.0,4196.429,29349.0,279.0,241.571,6110.263,57.505,49.962,349.422,3.322,2.876,1.17,,,,,,,,,29101.0,4398723.0,52.37,0.346,27299.0,0.325,0.154,6.5,tests performed,,,,,,69.44,83992953.0,49.831,32.4,5.44,3.182,19082.62,0.2,270.308,9.59,0.8,21.1,,1.5,76.68,0.798
IRN,Asia,Iran,2020-10-15,517835.0,4616.0,4228.429,29605.0,256.0,245.286,6165.22,54.957,50.343,352.47,3.048,2.92,1.13,,,,,,,,,28056.0,4426779.0,52.704,0.334,27561.0,0.328,0.153,6.5,tests performed,,,,,,58.8,83992953.0,49.831,32.4,5.44,3.182,19082.62,0.2,270.308,9.59,0.8,21.1,,1.5,76.68,0.798
IRN,Asia,Iran,2020-10-16,522387.0,4552.0,4287.0,29870.0,265.0,253.143,6219.415,54.195,51.04,355.625,3.155,3.014,1.09,,,,,,,,,,,,,27833.0,0.331,0.154,6.5,tests performed,,,,,,58.8,83992953.0,49.831,32.4,5.44,3.182,19082.62,0.2,270.308,9.59,0.8,21.1,,1.5,76.68,0.798
IRN,Asia,Iran,2020-10-17,526490.0,4103.0,4319.571,30123.0,253.0,261.429,6268.264,48.849,51.428,358.637,3.012,3.113,1.01,,,,,,,,,,,,,28105.0,0.335,0.154,6.5,tests performed,,,,,,58.8,83992953.0,49.831,32.4,5.44,3.182,19082.62,0.2,270.308,9.59,0.8,21.1,,1.5,76.68,0.798
IRN,Asia,Iran,2020-10-18,530380.0,3890.0,4329.286,30375.0,252.0,261.571,6314.577,46.313,51.543,361.637,3.0,3.114,0.98,,,,,,,,,,4511154.0,53.709,,28377.0,0.338,0.153,6.6,tests performed,,,,,,58.8,83992953.0,49.831,32.4,5.44,3.182,19082.62,0.2,270.308,9.59,0.8,21.1,,1.5,76.68,0.798
IRN,Asia,Iran,2020-10-19,534631.0,4251.0,4335.714,30712.0,337.0,270.857,6365.189,50.611,51.62,365.65,4.012,3.225,1.06,,,,,,,,,29301.0,4540455.0,54.058,0.349,28518.0,0.34,0.152,6.6,tests performed,,,,,,58.8,83992953.0,49.831,32.4,5.44,3.182,19082.62,0.2,270.308,9.59,0.8,21.1,,1.5,76.68,0.798
IRN,Asia,Iran,2020-10-20,539670.0,5039.0,4468.714,31034.0,322.0,280.571,6425.182,59.993,53.203,369.483,3.834,3.34,1.19,,,,,,,,,29788.0,4570243.0,54.412,0.355,28660.0,0.341,0.156,6.4,tests performed,,,,,,58.8,83992953.0,49.831,32.4,5.44,3.182,19082.62,0.2,270.308,9.59,0.8,21.1,,1.5,76.68,0.798
IRN,Asia,Iran,2020-10-21,545286.0,5616.0,4581.0,31346.0,312.0,285.286,6492.045,66.863,54.54,373.198,3.715,3.397,1.26,,,,,,,,,29311.0,4599554.0,54.761,0.349,28690.0,0.342,0.16,6.3,tests performed,,,,,,58.8,83992953.0,49.831,32.4,5.44,3.182,19082.62,0.2,270.308,9.59,0.8,21.1,,1.5,76.68,0.798
IRN,Asia,Iran,2020-10-22,550757.0,5471.0,4703.143,31650.0,304.0,292.143,6557.181,65.136,55.994,376.817,3.619,3.478,1.25,,,,,,,,,29312.0,4628866.0,55.11,0.349,28870.0,0.344,0.163,6.1,tests performed,,,,,,58.8,83992953.0,49.831,32.4,5.44,3.182,19082.62,0.2,270.308,9.59,0.8,21.1,,1.5,76.68,0.798
IRN,Asia,Iran,2020-10-23,556891.0,6134.0,4929.143,31985.0,335.0,302.143,6630.211,73.03,58.685,380.806,3.988,3.597,1.28,,,,,,,,,29861.0,4658727.0,55.466,0.356,29118.0,0.347,0.169,5.9,tests performed,,,,,,58.8,83992953.0,49.831,32.4,5.44,3.182,19082.62,0.2,270.308,9.59,0.8,21.1,,1.5,76.68,0.798
IRN,Asia,Iran,2020-10-24,562705.0,5814.0,5173.571,32320.0,335.0,313.857,6699.431,69.22,61.595,384.794,3.988,3.737,1.23,,,,,,,,,,,,,27998.0,0.333,0.185,5.4,tests performed,,,,,,58.8,83992953.0,49.831,32.4,5.44,3.182,19082.62,0.2,270.308,9.59,0.8,21.1,,1.5,76.68,0.798
IRN,Asia,Iran,2020-10-25,568896.0,6191.0,5502.286,32616.0,296.0,320.143,6773.14,73.709,65.509,388.318,3.524,3.812,1.23,,,,,,,,,,,,,26879.0,0.32,0.205,4.9,tests performed,,,,,,58.8,83992953.0,49.831,32.4,5.44,3.182,19082.62,0.2,270.308,9.59,0.8,21.1,,1.5,76.68,0.798
IRN,Asia,Iran,2020-10-26,574856.0,5960.0,5746.429,32953.0,337.0,320.143,6844.098,70.958,68.416,392.331,4.012,3.812,1.21,,,,,,,,,,4719597.0,56.19,,25592.0,0.305,0.225,4.5,tests performed,,,,,,70.83,83992953.0,49.831,32.4,5.44,3.182,19082.62,0.2,270.308,9.59,0.8,21.1,,1.5,76.68,0.798
IRN,Asia,Iran,2020-10-27,581824.0,6968.0,6022.0,33299.0,346.0,323.571,6927.057,82.959,71.696,396.45,4.119,3.852,1.29,,,,,,,,,67172.0,4786769.0,56.99,0.8,30932.0,0.368,0.195,5.1,tests performed,,,,,,70.83,83992953.0,49.831,32.4,5.44,3.182,19082.62,0.2,270.308,9.59,0.8,21.1,,1.5,76.68,0.798
IRN,Asia,Iran,2020-10-28,588648.0,6824.0,6194.571,33714.0,415.0,338.286,7008.302,81.245,73.751,401.391,4.941,4.028,1.29,,,,,,,,,34912.0,4821681.0,57.406,0.416,31732.0,0.378,0.195,5.1,tests performed,,,,,,70.83,83992953.0,49.831,32.4,5.44,3.182,19082.62,0.2,270.308,9.59,0.8,21.1,,1.5,76.68,0.798
IRN,Asia,Iran,2020-10-29,596941.0,8293.0,6597.714,34113.0,399.0,351.857,7107.037,98.734,78.551,406.141,4.75,4.189,1.38,,,,,,,,,,,,,30096.0,0.358,0.219,4.6,tests performed,,,,,,70.83,83992953.0,49.831,32.4,5.44,3.182,19082.62,0.2,270.308,9.59,0.8,21.1,,1.5,76.68,0.798
IRN,Asia,Iran,2020-10-30,604952.0,8011.0,6865.857,34478.0,365.0,356.143,7202.414,95.377,81.743,410.487,4.346,4.24,1.32,,,,,,,,,,4857392.0,57.831,,28381.0,0.338,0.242,4.1,tests performed,,,,,,68.06,83992953.0,49.831,32.4,5.44,3.182,19082.62,0.2,270.308,9.59,0.8,21.1,,1.5,76.68,0.798
IRN,Asia,Iran,2020-10-31,612772.0,7820.0,7152.429,34864.0,386.0,363.429,7295.517,93.103,85.155,415.082,4.596,4.327,1.25,,,,,,,,,71613.0,4929005.0,58.684,0.853,35713.0,0.425,0.2,5.0,tests performed,,,,,,68.06,83992953.0,49.831,32.4,5.44,3.182,19082.62,0.2,270.308,9.59,0.8,21.1,,1.5,76.68,0.798
IRN,Asia,Iran,2020-11-01,620491.0,7719.0,7370.714,35298.0,434.0,383.143,7387.417,91.901,87.754,420.25,5.167,4.562,1.21,,,,,,,,,36321.0,4965326.0,59.116,0.432,38003.0,0.452,0.194,5.2,tests performed,,,,,,68.06,83992953.0,49.831,32.4,5.44,3.182,19082.62,0.2,270.308,9.59,0.8,21.1,,1.5,76.68,0.798
IRN,Asia,Iran,2020-11-02,628780.0,8289.0,7703.429,35738.0,440.0,397.857,7486.104,98.687,91.715,425.488,5.239,4.737,1.23,,,,,,,,,,,,,37682.0,0.449,0.204,4.9,tests performed,,,,,,68.06,83992953.0,49.831,32.4,5.44,3.182,19082.62,0.2,270.308,9.59,0.8,21.1,,1.5,76.68,0.798
IRN,Asia,Iran,2020-11-03,637712.0,8932.0,7984.0,36160.0,422.0,408.714,7592.446,106.342,95.056,430.512,5.024,4.866,1.25,,,,,,,,,,5001422.0,59.546,,30665.0,0.365,0.26,3.8,tests performed,,,,,,68.06,83992953.0,49.831,32.4,5.44,3.182,19082.62,0.2,270.308,9.59,0.8,21.1,,1.5,76.68,0.798
IRN,Asia,Iran,2020-11-04,646164.0,8452.0,8216.571,36579.0,419.0,409.286,7693.074,100.627,97.825,435.501,4.989,4.873,1.19,,,,,,,,,71612.0,5073034.0,60.398,0.853,35908.0,0.428,0.229,4.4,tests performed,,,,,,68.06,83992953.0,49.831,32.4,5.44,3.182,19082.62,0.2,270.308,9.59,0.8,21.1,,1.5,76.68,0.798
IRN,Asia,Iran,2020-11-05,654936.0,8772.0,8285.0,36985.0,406.0,410.286,7797.511,104.437,98.639,440.335,4.834,4.885,1.19,,,,,,,,,37718.0,5110752.0,60.847,0.449,38745.0,0.461,0.214,4.7,tests performed,,,,,,68.06,83992953.0,49.831,32.4,5.44,3.182,19082.62,0.2,270.308,9.59,0.8,21.1,,1.5,76.68,0.798
IRN,Asia,Iran,2020-11-06,663800.0,8864.0,8406.857,37409.0,424.0,418.714,7903.044,105.533,100.09,445.383,5.048,4.985,1.18,,,,,,,,,,,,,41524.0,0.494,0.202,4.9,tests performed,,,,,,68.06,83992953.0,49.831,32.4,5.44,3.182,19082.62,0.2,270.308,9.59,0.8,21.1,,1.5,76.68,0.798
IRN,Asia,Iran,2020-11-07,673250.0,9450.0,8639.714,37832.0,423.0,424.0,8015.553,112.509,102.862,450.419,5.036,5.048,1.2,,,,,,,,,,5185361.0,61.736,,36622.0,0.436,0.236,4.2,tests performed,,,,,,68.06,83992953.0,49.831,32.4,5.44,3.182,19082.62,0.2,270.308,9.59,0.8,21.1,,1.5,76.68,0.798
IRN,Asia,Iran,2020-11-08,682486.0,9236.0,8856.429,38291.0,459.0,427.571,8125.515,109.962,105.443,455.883,5.465,5.091,1.19,,,,,,,,,38891.0,5224252.0,62.199,0.463,36989.0,0.44,0.239,4.2,tests performed,,,,,,68.06,83992953.0,49.831,32.4,5.44,3.182,19082.62,0.2,270.308,9.59,0.8,21.1,,1.5,76.68,0.798
IRN,Asia,Iran,2020-11-09,692949.0,10463.0,9167.0,38749.0,458.0,430.143,8250.085,124.57,109.14,461.336,5.453,5.121,1.25,,,,,,,,,38921.0,5263173.0,62.662,0.463,39971.0,0.476,0.229,4.4,tests performed,,,,,,68.06,83992953.0,49.831,32.4,5.44,3.182,19082.62,0.2,270.308,9.59,0.8,21.1,,1.5,76.68,0.798
IRN,Asia,Iran,2020-11-10,703288.0,10339.0,9368.0,39202.0,453.0,434.571,8373.179,123.094,111.533,466.73,5.393,5.174,1.24,,,,,,,,,39027.0,5302200.0,63.127,0.465,42968.0,0.512,0.218,4.6,tests performed,,,,,,68.06,83992953.0,49.831,32.4,5.44,3.182,19082.62,0.2,270.308,9.59,0.8,21.1,,1.5,76.68,0.798
IRN,Asia,Iran,2020-11-11,715068.0,11780.0,9843.429,39664.0,462.0,440.714,8513.429,140.25,117.194,472.23,5.5,5.247,1.29,,,,,,,,,,,,,38523.0,0.459,0.256,3.9,tests performed,,,,,,68.06,83992953.0,49.831,32.4,5.44,3.182,19082.62,0.2,270.308,9.59,0.8,21.1,,1.5,76.68,0.798
IRN,Asia,Iran,2020-11-12,726585.0,11517.0,10235.571,40121.0,457.0,448.0,8650.547,137.119,121.862,477.671,5.441,5.334,1.26,,,,,,,,,,,,,38920.0,0.463,0.263,3.8,tests performed,,,,,,68.06,83992953.0,49.831,32.4,5.44,3.182,19082.62,0.2,270.308,9.59,0.8,21.1,,1.5,76.68,0.798
IRN,Asia,Iran,2020-11-13,738322.0,11737.0,10646.0,40582.0,461.0,453.286,8790.285,139.738,126.749,483.16,5.489,5.397,1.23,,,,,,,,,,,,,39377.0,0.469,0.27,3.7,tests performed,,,,,,68.06,83992953.0,49.831,32.4,5.44,3.182,19082.62,0.2,270.308,9.59,0.8,21.1,,1.5,76.68,0.798
IRN,Asia,Iran,2020-11-14,749525.0,11203.0,10896.429,41034.0,452.0,457.429,8923.665,133.38,129.73,488.541,5.381,5.446,1.18,,,,,,,,,,5464191.0,65.055,,39833.0,0.474,0.274,3.7,tests performed,,,,,,68.06,83992953.0,49.831,32.4,5.44,3.182,19082.62,0.2,270.308,9.59,0.8,21.1,,1.5,76.68,0.798
IRN,Asia,Iran,2020-11-15,762068.0,12543.0,11368.857,41493.0,459.0,457.429,9072.999,149.334,135.355,494.006,5.465,5.446,1.23,,,,,,,,,40897.0,5505088.0,65.542,0.487,40119.0,0.478,0.283,3.5,tests performed,,,,,,68.06,83992953.0,49.831,32.4,5.44,3.182,19082.62,0.2,270.308,9.59,0.8,21.1,,1.5,76.68,0.798
IRN,Asia,Iran,2020-11-16,775121.0,13053.0,11738.857,41979.0,486.0,461.429,9228.405,155.406,139.76,499.792,5.786,5.494,1.24,,,,,,,,,40356.0,5545444.0,66.023,0.48,40324.0,0.48,0.291,3.4,tests performed,,,,,,68.06,83992953.0,49.831,32.4,5.44,3.182,19082.62,0.2,270.308,9.59,0.8,21.1,,1.5,76.68,0.798
IRN,Asia,Iran,2020-11-17,788473.0,13352.0,12169.286,42461.0,482.0,465.571,9387.371,158.966,144.885,505.531,5.739,5.543,1.23,,,,,,,,,40697.0,5586141.0,66.507,0.485,40563.0,0.483,0.3,3.3,tests performed,,,,,,68.06,83992953.0,49.831,32.4,5.44,3.182,19082.62,0.2,270.308,9.59,0.8,21.1,,1.5,76.68,0.798
IRN,Asia,Iran,2020-11-18,801894.0,13421.0,12403.714,42941.0,480.0,468.143,9547.158,159.787,147.676,511.245,5.715,5.574,1.2,,,,,,,,,40490.0,5626631.0,66.989,0.482,40562.0,0.483,0.306,3.3,tests performed,,,,,,68.06,83992953.0,49.831,32.4,5.44,3.182,19082.62,0.2,270.308,9.59,0.8,21.1,,1.5,76.68,0.798
IRN,Asia,Iran,2020-11-19,815117.0,13223.0,12647.429,43417.0,476.0,470.857,9704.588,157.43,150.577,516.912,5.667,5.606,1.16,,,,,,,,,40907.0,5667538.0,67.476,0.487,40620.0,0.484,0.311,3.2,tests performed,,,,,,68.06,83992953.0,49.831,32.4,5.44,3.182,19082.62,0.2,270.308,9.59,0.8,21.1,,1.5,76.68,0.798
IRN,Asia,Iran,2020-11-20,828377.0,13260.0,12865.0,43896.0,479.0,473.429,9862.458,157.87,153.168,522.615,5.703,5.637,1.13,,,,,,,,,,,,,40534.0,0.483,0.317,3.2,tests performed,,,,,,68.06,83992953.0,49.831,32.4,5.44,3.182,19082.62,0.2,270.308,9.59,0.8,21.1,,1.5,76.68,0.798
IRN,Asia,Iran,2020-11-21,841308.0,12931.0,13111.857,44327.0,431.0,470.429,10016.412,153.953,156.107,527.747,5.131,5.601,1.09,,,,,,,,,,5747325.0,68.426,,40448.0,0.482,0.324,3.1,tests performed,,,,,,68.06,83992953.0,49.831,32.4,5.44,3.182,19082.62,0.2,270.308,9.59,0.8,21.1,,1.5,76.68,0.798
IRN,Asia,Iran,2020-11-22,854361.0,13053.0,13184.714,44802.0,475.0,472.714,10171.818,155.406,156.974,533.402,5.655,5.628,1.08,,,,,,,,,,,,,40390.0,0.481,0.326,3.1,tests performed,,,,,,68.06,83992953.0,49.831,32.4,5.44,3.182,19082.62,0.2,270.308,9.59,0.8,21.1,,1.5,76.68,0.798
IRN,Asia,Iran,2020-11-23,866821.0,12460.0,13100.0,45255.0,453.0,468.0,10320.163,148.346,155.965,538.795,5.393,5.572,1.05,,,,,,,,,,5828307.0,69.39,,40409.0,0.481,0.324,3.1,tests performed,,,,,,68.06,83992953.0,49.831,32.4,5.44,3.182,19082.62,0.2,270.308,9.59,0.8,21.1,,1.5,76.68,0.798
IRN,Asia,Iran,2020-11-24,880542.0,13721.0,13152.714,45738.0,483.0,468.143,10483.522,163.359,156.593,544.546,5.75,5.574,1.1,,,,,,,,,42791.0,5871098.0,69.9,0.509,40708.0,0.485,0.323,3.1,tests performed,,,,,,68.06,83992953.0,49.831,32.4,5.44,3.182,19082.62,0.2,270.308,9.59,0.8,21.1,,1.5,76.68,0.798
IRN,Asia,Iran,2020-11-25,894385.0,13843.0,13213.0,46207.0,469.0,466.571,10648.334,164.811,157.311,550.129,5.584,5.555,1.1,,,,,,,,,42131.0,5913229.0,70.401,0.502,40943.0,0.487,0.323,3.1,tests performed,,,,,,70.83,83992953.0,49.831,32.4,5.44,3.182,19082.62,0.2,270.308,9.59,0.8,21.1,,1.5,76.68,0.798
IRN,Asia,Iran,2020-11-26,908346.0,13961.0,13318.429,46689.0,482.0,467.429,10814.55,166.216,158.566,555.868,5.739,5.565,1.1,,,,,,,,,42495.0,5955724.0,70.907,0.506,41169.0,0.49,0.324,3.1,tests performed,,,,,,70.83,83992953.0,49.831,32.4,5.44,3.182,19082.62,0.2,270.308,9.59,0.8,21.1,,1.5,76.68,0.798
IRN,Asia,Iran,2020-11-27,922397.0,14051.0,13431.429,47095.0,406.0,457.0,10981.838,167.288,159.911,560.702,4.834,5.441,1.08,,,,,,,,,,,,,41387.0,0.493,0.325,3.1,tests performed,,,,,,70.83,83992953.0,49.831,32.4,5.44,3.182,19082.62,0.2,270.308,9.59,0.8,21.1,,1.5,76.68,0.798
IRN,Asia,Iran,2020-11-28,935799.0,13402.0,13498.714,47486.0,391.0,451.286,11141.399,159.561,160.712,565.357,4.655,5.373,1.04,,,,,,,,,,6038556.0,71.894,,41604.0,0.495,0.324,3.1,tests performed,,,,,,70.83,83992953.0,49.831,32.4,5.44,3.182,19082.62,0.2,270.308,9.59,0.8,21.1,,1.5,76.68,0.798
IRN,Asia,Iran,2020-11-29,948749.0,12950.0,13484.0,47874.0,388.0,438.857,11295.579,154.18,160.537,569.976,4.619,5.225,1.01,,,,,,,,,,,,,42019.0,0.5,0.321,3.1,tests performed,,,,,,70.83,83992953.0,49.831,32.4,5.44,3.182,19082.62,0.2,270.308,9.59,0.8,21.1,,1.5,76.68,0.798
IRN,Asia,Iran,2020-11-30,962070.0,13321.0,13607.0,48246.0,372.0,427.286,11454.175,158.597,162.002,574.405,4.429,5.087,1.03,,,,,,,,,,6125348.0,72.927,,42434.0,0.505,0.321,3.1,tests performed,,,,,,70.83,83992953.0,49.831,32.4,5.44,3.182,19082.62,0.2,270.308,9.59,0.8,21.1,,1.5,76.68,0.798
IRN,Asia,Iran,2020-12-01,975951.0,13881.0,13629.857,48628.0,382.0,412.857,11619.439,165.264,162.274,578.953,4.548,4.915,1.04,,,,,,,,,43289.0,6168637.0,73.442,0.515,42506.0,0.506,0.321,3.1,tests performed,,,,,,70.83,83992953.0,49.831,32.4,5.44,3.182,19082.62,0.2,270.308,9.59,0.8,21.1,,1.5,76.68,0.798
IRN,Asia,Iran,2020-12-02,989572.0,13621.0,13598.143,48990.0,362.0,397.571,11781.607,162.168,161.896,583.263,4.31,4.733,1.03,,,,,,,,,,,,,42668.0,0.508,0.319,3.1,tests performed,,,,,,70.83,83992953.0,49.831,32.4,5.44,3.182,19082.62,0.2,270.308,9.59,0.8,21.1,,1.5,76.68,0.798
IRN,Asia,Iran,2020-12-03,1003494.0,13922.0,13592.571,49348.0,358.0,379.857,11947.359,165.752,161.83,587.525,4.262,4.522,1.03,,,,,,,,,,,,,42778.0,0.509,0.318,3.1,tests performed,,,,,,70.83,83992953.0,49.831,32.4,5.44,3.182,19082.62,0.2,270.308,9.59,0.8,21.1,,1.5,76.68,0.798
IRN,Asia,Iran,2020-12-04,1016835.0,13341.0,13491.143,49695.0,347.0,371.429,12106.194,158.835,160.622,591.657,4.131,4.422,0.99,,,,,,,,,,6298438.0,74.988,,43043.0,0.512,0.313,3.2,tests performed,,,,,,70.83,83992953.0,49.831,32.4,5.44,3.182,19082.62,0.2,270.308,9.59,0.8,21.1,,1.5,76.68,0.798
IRN,Asia,Iran,2020-12-05,1028986.0,12151.0,13312.429,50016.0,321.0,361.429,12250.861,144.667,158.495,595.479,3.822,4.303,0.92,,,,,,,,,44190.0,6342628.0,75.514,0.526,43439.0,0.517,0.306,3.3,tests performed,,,,,,70.83,83992953.0,49.831,32.4,5.44,3.182,19082.62,0.2,270.308,9.59,0.8,21.1,,1.5,76.68,0.798
IRN,Asia,Iran,2020-12-06,1040547.0,11561.0,13114.0,50310.0,294.0,348.0,12388.504,137.642,156.132,598.979,3.5,4.143,0.88,,,,,,,,,44391.0,6387019.0,76.042,0.529,43581.0,0.519,0.301,3.3,tests performed,,,,,,70.83,83992953.0,49.831,32.4,5.44,3.182,19082.62,0.2,270.308,9.59,0.8,21.1,,1.5,76.68,0.798
IRN,Asia,Iran,2020-12-07,1051374.0,10827.0,12757.714,50594.0,284.0,335.429,12517.407,128.904,151.89,602.36,3.381,3.994,0.85,,,,,,,,,45209.0,6432228.0,76.581,0.538,43840.0,0.522,0.291,3.4,tests performed,,,,,,70.83,83992953.0,49.831,32.4,5.44,3.182,19082.62,0.2,270.308,9.59,0.8,21.1,,1.5,76.68,0.798
IRN,Asia,Iran,2020-12-08,1062397.0,11023.0,12349.429,50917.0,323.0,327.0,12648.644,131.237,147.029,606.206,3.846,3.893,0.86,,,,,,,,,,,,,44169.0,0.526,0.28,3.6,tests performed,,,,,,70.83,83992953.0,49.831,32.4,5.44,3.182,19082.62,0.2,270.308,9.59,0.8,21.1,,1.5,76.68,0.798
IRN,Asia,Iran,2020-12-09,1072620.0,10223.0,11864.0,51212.0,295.0,317.429,12770.357,121.713,141.25,609.718,3.512,3.779,0.84,,,,,,,,,,6523409.0,77.666,,44501.0,0.53,0.267,3.8,tests performed,,,,,,70.83,83992953.0,49.831,32.4,5.44,3.182,19082.62,0.2,270.308,9.59,0.8,21.1,,1.5,76.68,0.798
IRN,Asia,Iran,2020-12-10,1083023.0,10403.0,11361.286,51496.0,284.0,306.857,12894.213,123.856,135.265,613.099,3.381,3.653,0.84,,,,,,,,,45333.0,6568742.0,78.206,0.54,44796.0,0.533,0.254,3.9,tests performed,,,,,,70.83,83992953.0,49.831,32.4,5.44,3.182,19082.62,0.2,270.308,9.59,0.8,21.1,,1.5,76.68,0.798
IRN,Asia,Iran,2020-12-11,1092407.0,9384.0,10796.0,51727.0,231.0,290.286,13005.936,111.724,128.535,615.849,2.75,3.456,0.79,,,,,,,,,,,,,44989.0,0.536,0.24,4.2,tests performed,,,,,,70.83,83992953.0,49.831,32.4,5.44,3.182,19082.62,0.2,270.308,9.59,0.8,21.1,,1.5,76.68,0.798
IRN,Asia,Iran,2020-12-12,1100818.0,8411.0,10261.714,51949.0,222.0,276.143,13106.076,100.139,122.174,618.492,2.643,3.288,0.74,,,,,,,,,,6657974.0,79.268,,45049.0,0.536,0.228,4.4,tests performed,,,,,,70.83,83992953.0,49.831,32.4,5.44,3.182,19082.62,0.2,270.308,9.59,0.8,21.1,,1.5,76.68,0.798
IRN,Asia,Iran,2020-12-13,1108269.0,7451.0,9674.571,52196.0,247.0,269.429,13194.786,88.71,115.183,621.433,2.941,3.208,0.7,,,,,,,,,,,,,43690.0,0.52,0.221,4.5,tests performed,,,,,,70.83,83992953.0,49.831,32.4,5.44,3.182,19082.62,0.2,270.308,9.59,0.8,21.1,,1.5,76.68,0.798
IRN,Asia,Iran,2020-12-14,1115770.0,7501.0,9199.429,52447.0,251.0,264.714,13284.091,89.305,109.526,624.421,2.988,3.152,0.72,,,,,,,,,,,,,42213.0,0.503,0.218,4.6,tests performed,,,,,,70.83,83992953.0,49.831,32.4,5.44,3.182,19082.62,0.2,270.308,9.59,0.8,21.1,,1.5,76.68,0.798
IRN,Asia,Iran,2020-12-15,1123474.0,7704.0,8725.286,52670.0,223.0,250.429,13375.813,91.722,103.881,627.076,2.655,2.982,0.75,,,,,,,,,,,,,40682.0,0.484,0.214,4.7,tests performed,,,,,,70.83,83992953.0,49.831,32.4,5.44,3.182,19082.62,0.2,270.308,9.59,0.8,21.1,,1.5,76.68,0.798
IRN,Asia,Iran,2020-12-16,1131077.0,7603.0,8351.0,52883.0,213.0,238.714,13466.332,90.519,99.425,629.612,2.536,2.842,0.77,,,,,,,,,,6797469.0,80.929,,39151.0,0.466,0.213,4.7,tests performed,,,,,,70.83,83992953.0,49.831,32.4,5.44,3.182,19082.62,0.2,270.308,9.59,0.8,21.1,,1.5,76.68,0.798
IRN,Asia,Iran,2020-12-17,1138530.0,7453.0,7929.571,53095.0,212.0,228.429,13555.066,88.734,94.408,632.136,2.524,2.72,0.78,,,,,,,,,,,,,43175.0,0.514,0.184,5.4,tests performed,,,,,,70.83,83992953.0,49.831,32.4,5.44,3.182,19082.62,0.2,270.308,9.59,0.8,21.1,,1.5,76.68,0.798
IRN,Asia,Iran,2020-12-18,1145651.0,7121.0,7606.286,53273.0,178.0,220.857,13639.847,84.781,90.559,634.256,2.119,2.629,0.77,,,,,,,,,,6944462.0,82.679,,47301.0,0.563,0.161,6.2,tests performed,,,,,,70.83,83992953.0,49.831,32.4,5.44,3.182,19082.62,0.2,270.308,9.59,0.8,21.1,,1.5,76.68,0.798
IRN,Asia,Iran,2020-12-19,1152072.0,6421.0,7322.0,53448.0,175.0,214.143,13716.294,76.447,87.174,636.339,2.084,2.55,0.74,,,,,,,,,,,,,48212.0,0.574,0.152,6.6,tests performed,,,,,,70.83,83992953.0,49.831,32.4,5.44,3.182,19082.62,0.2,270.308,9.59,0.8,21.1,,1.5,76.68,0.798
IRN,Asia,Iran,2020-12-20,1158384.0,6312.0,7159.286,53625.0,177.0,204.143,13791.443,75.149,85.237,638.446,2.107,2.43,0.74,,,,,,,,,,7046447.0,83.893,,50514.0,0.601,0.142,7.1,tests performed,,,,,,70.83,83992953.0,49.831,32.4,5.44,3.182,19082.62,0.2,270.308,9.59,0.8,21.1,,1.5,76.68,0.798
IRN,Asia,Iran,2020-12-21,1164535.0,6151.0,6966.429,53816.0,191.0,195.571,13864.675,73.232,82.941,640.72,2.274,2.328,0.76,,,,,,,,,51109.0,7097556.0,84.502,0.608,52834.0,0.629,0.132,7.6,tests performed,,,,,,70.83,83992953.0,49.831,32.4,5.44,3.182,19082.62,0.2,270.308,9.59,0.8,21.1,,1.5,76.68,0.798
IRN,Asia,Iran,2020-12-22,1170743.0,6208.0,6752.714,54003.0,187.0,190.429,13938.586,73.911,80.396,642.947,2.226,2.267,0.78,,,,,,,,,,,,,55281.0,0.658,0.122,8.2,tests performed,,,,,,70.83,83992953.0,49.831,32.4,5.44,3.182,19082.62,0.2,270.308,9.59,0.8,21.1,,1.5,76.68,0.798
IRN,Asia,Iran,2020-12-23,1177004.0,6261.0,6561.0,54156.0,153.0,181.857,14013.128,74.542,78.114,644.768,1.822,2.165,0.81,,,,,,,,,,7201567.0,85.74,,57728.0,0.687,0.114,8.8,tests performed,,,,,,70.83,83992953.0,49.831,32.4,5.44,3.182,19082.62,0.2,270.308,9.59,0.8,21.1,,1.5,76.68,0.798
IRN,Asia,Iran,2020-12-24,1183182.0,6178.0,6378.857,54308.0,152.0,173.286,14086.682,73.554,75.945,646.578,1.81,2.063,0.82,,,,,,,,,,,,,54580.0,0.65,0.117,8.6,tests performed,,,,,,70.83,83992953.0,49.831,32.4,5.44,3.182,19082.62,0.2,270.308,9.59,0.8,21.1,,1.5,76.68,0.798
IRN,Asia,Iran,2020-12-25,1189203.0,6021.0,6221.714,54440.0,132.0,166.714,14158.366,71.685,74.074,648.15,1.572,1.985,0.82,,,,,,,,,,,,,51432.0,0.612,0.121,8.3,tests performed,,,,,,70.83,83992953.0,49.831,32.4,5.44,3.182,19082.62,0.2,270.308,9.59,0.8,21.1,,1.5,76.68,0.798
IRN,Asia,Iran,2020-12-26,1194963.0,5760.0,6127.286,54574.0,134.0,160.857,14226.944,68.577,72.95,649.745,1.595,1.915,0.82,,,,,,,,,,,,,51498.0,0.613,0.119,8.4,tests performed,,,,,,70.83,83992953.0,49.831,32.4,5.44,3.182,19082.62,0.2,270.308,9.59,0.8,21.1,,1.5,76.68,0.798
IRN,Asia,Iran,2020-12-27,1200465.0,5502.0,6011.571,54693.0,119.0,152.571,14292.449,65.505,71.572,651.162,1.417,1.816,0.82,,,,,,,,,,7407400.0,88.191,,51565.0,0.614,0.117,8.6,tests performed,,,,,,70.83,83992953.0,49.831,32.4,5.44,3.182,19082.62,0.2,270.308,9.59,0.8,21.1,,1.5,76.68,0.798
IRN,Asia,Iran,2020-12-28,1206373.0,5908.0,5976.857,54814.0,121.0,142.571,14362.788,70.339,71.159,652.602,1.441,1.697,0.87,,,,,,,,,,,,,51844.0,0.617,0.115,8.7,tests performed,,,,,,70.83,83992953.0,49.831,32.4,5.44,3.182,19082.62,0.2,270.308,9.59,0.8,21.1,,1.5,76.68,0.798
IRN,Asia,Iran,2020-12-29,1212481.0,6108.0,5962.571,54946.0,132.0,134.714,14435.509,72.72,70.989,654.174,1.572,1.604,0.92,,,,,,,,,,7513534.0,89.454,,51996.0,0.619,0.115,8.7,tests performed,,,,,,70.83,83992953.0,49.831,32.4,5.44,3.182,19082.62,0.2,270.308,9.59,0.8,21.1,,1.5,76.68,0.798
IRN,Asia,Iran,2020-12-30,1218753.0,6272.0,5964.143,55095.0,149.0,134.143,14510.182,74.673,71.008,655.948,1.774,1.597,0.95,,,,,,,,,53412.0,7566946.0,90.09,0.636,52197.0,0.621,0.114,8.8,tests performed,,,,,,70.83,83992953.0,49.831,32.4,5.44,3.182,19082.62,0.2,270.308,9.59,0.8,21.1,,1.5,76.68,0.798
IRN,Asia,Iran,2020-12-31,1225142.0,6389.0,5994.286,55223.0,128.0,130.714,14586.247,76.066,71.367,657.472,1.524,1.556,,,,,,,,,,53721.0,7620667.0,90.73,0.64,52520.0,0.625,0.114,8.8,tests performed,,,,,,70.83,83992953.0,49.831,32.4,5.44,3.182,19082.62,0.2,270.308,9.59,0.8,21.1,,1.5,76.68,0.798
IRN,Asia,Iran,2021-01-01,1231429.0,6287.0,6032.286,55337.0,114.0,128.143,14661.099,74.852,71.819,658.829,1.357,1.526,,,,,,,,,,49601.0,7670268.0,91.32,0.591,52255.0,0.622,0.115,8.7,tests performed,,,,,,70.83,83992953.0,49.831,32.4,5.44,3.182,19082.62,0.2,270.308,9.59,0.8,21.1,,1.5,76.68,0.798
IRN,Asia,Iran,2021-01-02,1237474.0,6045.0,6073.0,55438.0,101.0,123.429,14733.069,71.97,72.304,660.032,1.202,1.47,,,,,,,,,,,,,,52562.0,0.626,0.116,8.7,tests performed,,,,,,70.83,83992953.0,49.831,32.4,5.44,3.182,19082.62,0.2,270.308,9.59,0.8,21.1,,1.5,76.68,0.798
IRN,Asia,Iran,2021-01-03,1243434.0,5960.0,6138.429,55540.0,102.0,121.0,14804.028,70.958,73.083,661.246,1.214,1.441,,,,,,,,,,,7777488.0,92.597,,52870.0,0.629,0.116,8.6,tests performed,,,,,,70.83,83992953.0,49.831,32.4,5.44,3.182,19082.62,0.2,270.308,9.59,0.8,21.1,,1.5,76.68,0.798
IRN,Asia,Iran,2021-01-04,1249507.0,6073.0,6162.0,55650.0,110.0,119.429,14876.331,72.304,73.363,662.556,1.31,1.422,,,,,,,,,,,,,,52998.0,0.631,0.116,8.6,tests performed,,,,,,70.83,83992953.0,49.831,32.4,5.44,3.182,19082.62,0.2,270.308,9.59,0.8,21.1,,1.5,76.68,0.798
IRN,Asia,Iran,2021-01-05,1255620.0,6113.0,6162.714,55748.0,98.0,114.571,14949.111,72.78,73.372,663.722,1.167,1.364,,,,,,,,,,,7885416.0,93.882,,53126.0,0.633,0.116,8.6,tests performed,,,,,,70.83,83992953.0,49.831,32.4,5.44,3.182,19082.62,0.2,270.308,9.59,0.8,21.1,,1.5,76.68,0.798
IRN,Asia,Iran,2021-01-06,1261903.0,6283.0,6164.286,55830.0,82.0,105.0,15023.915,74.804,73.391,664.699,0.976,1.25,,,,,,,,,,54217.0,7939633.0,94.527,0.645,53241.0,0.634,0.116,8.6,tests performed,,,,,,70.83,83992953.0,49.831,32.4,5.44,3.182,19082.62,0.2,270.308,9.59,0.8,21.1,,1.5,76.68,0.798
IRN,Asia,Iran,2021-01-07,1268263.0,6360.0,6160.143,55933.0,103.0,101.429,15099.636,75.721,73.341,665.925,1.226,1.208,,,,,,,,,,53869.0,7993502.0,95.169,0.641,53262.0,0.634,0.116,8.6,tests performed,,,,,,70.83,83992953.0,49.831,32.4,5.44,3.182,19082.62,0.2,270.308,9.59,0.8,21.1,,1.5,76.68,0.798
IRN,Asia,Iran,2021-01-08,1274514.0,6251.0,6155.0,56018.0,85.0,97.286,15174.059,74.423,73.28,666.937,1.012,1.158,,,,,,,,,,,,,,53836.0,0.641,0.114,8.7,tests performed,,,,,,70.83,83992953.0,49.831,32.4,5.44,3.182,19082.62,0.2,270.308,9.59,0.8,21.1,,1.5,76.68,0.798
IRN,Asia,Iran,2021-01-09,1280438.0,5924.0,6137.714,56100.0,82.0,94.571,15244.588,70.53,73.074,667.913,0.976,1.126,,,,,,,,,,,,,,53837.0,0.641,0.114,8.8,tests performed,,,,,,70.83,83992953.0,49.831,32.4,5.44,3.182,19082.62,0.2,270.308,9.59,0.8,21.1,,1.5,76.68,0.798
IRN,Asia,Iran,2021-01-10,1286406.0,5968.0,6138.857,56171.0,71.0,90.143,15315.642,71.054,73.088,668.758,0.845,1.073,,,,,,,,,,,,,,53838.0,0.641,0.114,8.8,tests performed,,,,,,70.83,83992953.0,49.831,32.4,5.44,3.182,19082.62,0.2,270.308,9.59,0.8,21.1,,1.5,76.68,0.798
IRN,Asia,Iran,2021-01-11,1292614.0,6208.0,6158.143,56262.0,91.0,87.429,15389.553,73.911,73.317,669.842,1.083,1.041,,,,,,,,,,,8207975.0,97.722,,53789.0,0.64,0.114,8.7,tests performed,,,,,,70.83,83992953.0,49.831,32.4,5.44,3.182,19082.62,0.2,270.308,9.59,0.8,21.1,,1.5,76.68,0.798
IRN,Asia,Iran,2021-01-12,1299022.0,6408.0,6200.286,56360.0,98.0,87.429,15465.845,76.292,73.819,671.009,1.167,1.041,,,,,,,,,,54191.0,8262166.0,98.367,0.645,53821.0,0.641,0.115,8.7,tests performed,,,,,,,83992953.0,49.831,32.4,5.44,3.182,19082.62,0.2,270.308,9.59,0.8,21.1,,1.5,76.68,0.798
IRN,Asia,Iran,2021-01-13,1305339.0,6317.0,6205.143,56457.0,97.0,89.571,15541.054,75.209,73.877,672.164,1.155,1.066,,,,,,,,,,,,,,,,,,,,,,,,,83992953.0,49.831,32.4,5.44,3.182,19082.62,0.2,270.308,9.59,0.8,21.1,,1.5,76.68,0.798
IRN,Asia,Iran,2021-01-14,1311810.0,6471.0,6221.0,56538.0,81.0,86.429,15618.096,77.042,74.066,673.128,0.964,1.029,,,,,,,,,,,,,,,,,,,,,,,,,83992953.0,49.831,32.4,5.44,3.182,19082.62,0.2,270.308,9.59,0.8,21.1,,1.5,76.68,0.798